,자전거번호,대여일시,대여 대여소번호,대여 대여소명,대여거치대,반납일시,반납대여소번호,반납대여소명,반납거치대,이용시간,이용거리
0,SPB-23220,2019.11.1 08:48,646,장한평역 1번출구 (국민은행앞),3,2019.11.1 09:01,3,중랑센터,7,12,1100
1,SPB-16216,2019.11.4 08:38,646,장한평역 1번출구 (국민은행앞),2,2019.11.4 08:56,3,중랑센터,2,7,1420
2,SPB-21097,2019.11.4 08:46,646,장한평역 1번출구 (국민은행앞),1,2019.11.4 08:57,3,중랑센터,7,10,1020
3,SPB-22292,2019.11.5 08:34,646,장한평역 1번출구 (국민은행앞),1,2019.11.5 08:45,3,중랑센터,2,10,1380
4,SPB-07935,2019.11.5 12:29,512,뚝섬역 1번 출구 옆,11,2019.11.5 12:39,3,중랑센터,7,10,1650
5,SPB-18401,2019.11.6 08:52,646,장한평역 1번출구 (국민은행앞),1,2019.11.6 09:09,3,중랑센터,7,11,1350
6,SPB-18350,2019.11.6 08:35,646,장한평역 1번출구 (국민은행앞),1,2019.11.6 09:10,3,중랑센터,2,9,1390
7,SPB-11557,2019.11.8 14:52,3,중랑센터,7,2019.11.8 15:40,3,중랑센터,7,47,0
8,SPB-20220,2019.11.11 08:35,646,장한평역 1번출구 (국민은행앞),2,2019.11.11 08:42,3,중랑센터,2,6,1160
9,SPB-20102,2019.11.11 09:45,646,장한평역 1번출구 (국민은행앞),8,2019.11.11 10:17,3,중랑센터,7,30,1060
10,SPB-10000,2019.11.12 08:35,646,장한평역 1번출구 (국민은행앞),8,2019.11.12 08:44,3,중랑센터,2,8,1300
11,SPB-20145,2019.11.13 08:30,646,장한평역 1번출구 (국민은행앞),9,2019.11.13 08:38,3,중랑센터,2,7,1060
12,SPB-19057,2019.11.13 08:55,646,장한평역 1번출구 (국민은행앞),4,2019.11.13 09:08,3,중랑센터,7,11,1120
13,SPB-19645,2019.11.14 09:44,646,장한평역 1번출구 (국민은행앞),5,2019.11.14 10:01,3,중랑센터,7,16,1140
14,SPB-21851,2019.11.14 09:33,646,장한평역 1번출구 (국민은행앞),10,2019.11.14 10:02,3,중랑센터,2,28,1220
15,SPB-13973,2019.11.15 08:42,646,장한평역 1번출구 (국민은행앞),1,2019.11.15 08:50,3,중랑센터,2,6,1370
16,SPB-22311,2019.11.18 08:32,646,장한평역 1번출구 (국민은행앞),6,2019.11.18 08:39,3,중랑센터,2,6,1350
17,SPB-02270,2019.11.18 08:49,646,장한평역 1번출구 (국민은행앞),4,2019.11.18 09:01,3,중랑센터,7,11,1350
18,SPB-23659,2019.11.21 08:36,646,장한평역 1번출구 (국민은행앞),1,2019.11.21 08:44,3,중랑센터,2,6,1130
19,SPB-23497,2019.11.21 08:50,646,장한평역 1번출구 (국민은행앞),2,2019.11.21 09:04,3,중랑센터,7,13,1330
20,SPB-21925,2019.11.22 08:49,529,장한평역 8번 출구 앞,5,2019.11.22 09:04,3,중랑센터,7,13,1030
21,SPB-21810,2019.11.25 08:41,646,장한평역 1번출구 (국민은행앞),5,2019.11.25 08:49,3,중랑센터,2,7,1310
22,SPB-05857,2019.11.26 08:40,646,장한평역 1번출구 (국민은행앞),6,2019.11.26 08:48,3,중랑센터,2,7,1380
23,SPB-19256,2019.11.26 10:20,3,중랑센터,7,2019.11.26 10:24,3,중랑센터,7,3,0
24,SPB-20076,2019.11.28 08:37,646,장한평역 1번출구 (국민은행앞),6,2019.11.28 08:44,3,중랑센터,2,5,1070
25,SPB-19643,2019.11.6 08:43,419,홈플러스 앞,3,2019.11.6 09:26,5,상암센터 정비실,5,42,450
26,SPB-15211,2019.11.15 08:42,419,홈플러스 앞,18,2019.11.15 09:16,5,상암센터 정비실,5,33,550
27,SPB-24468,2019.11.22 08:36,911,은평평화공원(역촌역4번출구),10,2019.11.22 08:58,5,상암센터 정비실,6,20,5170
28,SPB-09287,2019.11.26 08:36,911,은평평화공원(역촌역4번출구),4,2019.11.26 09:21,5,상암센터 정비실,6,42,5800
29,SPB-21611,2019.11.27 08:34,911,은평평화공원(역촌역4번출구),7,2019.11.27 08:55,5,상암센터 정비실,6,19,5350
30,SPB-20840,2019.11.28 08:32,419,홈플러스 앞,1,2019.11.28 08:35,5,상암센터 정비실,5,3,280
31,SPB-05354,2019.11.28 08:31,911,은평평화공원(역촌역4번출구),10,2019.11.28 08:54,5,상암센터 정비실,6,22,5410
32,SPB-21142,2019.11.29 08:28,911,은평평화공원(역촌역4번출구),3,2019.11.29 08:51,5,상암센터 정비실,6,21,5260
33,SPB-18368,2019.11.1 00:28,108,서교동 사거리,10,2019.11.1 00:41,101,(구)합정동 주민센터,5,11,1520
34,SPB-07827,2019.11.1 01:21,199,서울 월드컵 경기장,11,2019.11.1 01:36,101,(구)합정동 주민센터,1,13,2840
35,SPB-13046,2019.11.1 02:13,102,망원역 1번출구 앞,11,2019.11.1 02:20,101,(구)합정동 주민센터,1,7,1170
36,SPB-13046,2019.11.1 02:21,101,(구)합정동 주민센터,1,2019.11.1 02:30,101,(구)합정동 주민센터,1,9,950
37,SPB-14246,2019.11.1 02:21,120,신수동 사거리,5,2019.11.1 02:45,101,(구)합정동 주민센터,2,23,3330
38,SPB-11282,2019.11.1 03:30,106,합정역 7번출구 앞,5,2019.11.1 03:39,101,(구)합정동 주민센터,1,8,590
39,SPB-07875,2019.11.1 06:43,421,마포구청 앞,5,2019.11.1 06:55,101,(구)합정동 주민센터,3,11,1920
40,SPB-25272,2019.11.1 08:13,956,응암시장교차로,5,2019.11.1 08:42,101,(구)합정동 주민센터,5,27,6670
41,SPB-19505,2019.11.1 09:50,104,합정역 1번출구 앞,1,2019.11.1 10:03,101,(구)합정동 주민센터,3,12,1220
42,SPB-13046,2019.11.1 10:35,101,(구)합정동 주민센터,2,2019.11.1 10:37,101,(구)합정동 주민센터,3,2,20
43,SPB-11488,2019.11.1 12:02,103,망원역 2번출구 앞,12,2019.11.1 12:09,101,(구)합정동 주민센터,1,6,1010
44,SPB-14142,2019.11.1 13:06,152,마포구민체육센터 앞,27,2019.11.1 13:12,101,(구)합정동 주민센터,5,6,1190
45,SPB-11221,2019.11.1 13:59,125,서강대 남문 옆,10,2019.11.1 14:24,101,(구)합정동 주민센터,5,24,4940
46,SPB-01182,2019.11.1 15:08,113,홍대입구역 2번출구 앞,24,2019.11.1 15:22,101,(구)합정동 주민센터,4,13,2300
47,SPB-11637,2019.11.1 15:35,103,망원역 2번출구 앞,4,2019.11.1 15:41,101,(구)합정동 주민센터,2,5,1110
48,SPB-17056,2019.11.1 16:54,106,합정역 7번출구 앞,7,2019.11.1 17:01,101,(구)합정동 주민센터,5,6,830
49,SPB-17169,2019.11.1 18:32,148,용강동 주민센터 앞,2,2019.11.1 19:05,101,(구)합정동 주민센터,2,32,5440
50,SPB-03131,2019.11.1 18:34,226,샛강역 1번출구 앞,14,2019.11.1 19:10,101,(구)합정동 주민센터,1,35,6890
51,SPB-00122,2019.11.1 18:55,113,홍대입구역 2번출구 앞,25,2019.11.1 19:14,101,(구)합정동 주민센터,3,19,2790
52,SPB-15851,2019.11.1 19:15,128,신촌역(2호선) 1번출구 옆,18,2019.11.1 19:34,101,(구)합정동 주민센터,1,18,3750
53,SPB-05526,2019.11.1 19:39,106,합정역 7번출구 앞,4,2019.11.1 19:46,101,(구)합정동 주민센터,2,6,920
54,SPB-03131,2019.11.1 19:44,106,합정역 7번출구 앞,4,2019.11.1 19:48,101,(구)합정동 주민센터,1,3,890
55,SPB-05526,2019.11.1 19:50,101,(구)합정동 주민센터,2,2019.11.1 20:03,101,(구)합정동 주민센터,4,12,1570
56,SPB-06179,2019.11.1 20:13,267,삼성화재 사옥 옆,1,2019.11.1 20:26,101,(구)합정동 주민센터,2,12,2380
57,SPB-07887,2019.11.1 20:22,104,합정역 1번출구 앞,6,2019.11.1 20:30,101,(구)합정동 주민센터,3,7,770
58,SPB-08747,2019.11.1 20:37,115,사루비아 빌딩 앞,15,2019.11.1 20:53,101,(구)합정동 주민센터,5,16,2670
59,SPB-21427,2019.11.1 20:50,826,서울역 서부교차로2,20,2019.11.1 21:19,101,(구)합정동 주민센터,5,27,6100
60,SPB-12849,2019.11.1 22:32,102,망원역 1번출구 앞,7,2019.11.1 22:40,101,(구)합정동 주민센터,1,7,1120
61,SPB-12120,2019.11.1 22:23,391,정동길입구,4,2019.11.1 23:02,101,(구)합정동 주민센터,3,38,6330
62,SPB-12825,2019.11.1 23:45,103,망원역 2번출구 앞,7,2019.11.1 23:51,101,(구)합정동 주민센터,1,5,790
63,SPB-06785,2019.11.2 00:32,105,합정역 5번출구 앞,1,2019.11.2 00:47,101,(구)합정동 주민센터,5,14,1360
64,SPB-15349,2019.11.2 01:14,104,합정역 1번출구 앞,3,2019.11.2 01:20,101,(구)합정동 주민센터,1,5,1040
65,SPB-24484,2019.11.2 01:19,137,NH농협 신촌지점 앞,4,2019.11.2 01:35,101,(구)합정동 주민센터,3,16,3840
66,SPB-11364,2019.11.2 02:17,154,마포구청역,2,2019.11.2 02:26,101,(구)합정동 주민센터,5,9,1630
67,SPB-07767,2019.11.2 02:52,115,사루비아 빌딩 앞,4,2019.11.2 03:08,101,(구)합정동 주민센터,5,14,1710
68,SPB-16514,2019.11.2 05:11,106,합정역 7번출구 앞,2,2019.11.2 05:18,101,(구)합정동 주민센터,1,6,820
69,SPB-25390,2019.11.2 10:49,409,누리꿈스퀘어 옆,14,2019.11.2 11:36,101,(구)합정동 주민센터,1,46,6980
70,SPB-08265,2019.11.2 14:24,104,합정역 1번출구 앞,2,2019.11.2 14:53,101,(구)합정동 주민센터,1,28,2210
71,SPB-24767,2019.11.2 14:54,106,합정역 7번출구 앞,6,2019.11.2 15:21,101,(구)합정동 주민센터,4,27,810
72,SPB-01372,2019.11.2 15:34,104,합정역 1번출구 앞,11,2019.11.2 15:43,101,(구)합정동 주민센터,2,8,1230
73,SPB-04854,2019.11.2 14:07,104,합정역 1번출구 앞,5,2019.11.2 15:54,101,(구)합정동 주민센터,5,106,3110
74,SPB-21518,2019.11.2 16:00,116,일진아이윌아파트 옆,3,2019.11.2 16:49,101,(구)합정동 주민센터,3,46,3980
75,SPB-22668,2019.11.2 16:02,116,일진아이윌아파트 옆,3,2019.11.2 16:50,101,(구)합정동 주민센터,4,46,42070
76,SPB-07402,2019.11.2 16:45,151,망원1동주민센터,1,2019.11.2 16:59,101,(구)합정동 주민센터,3,13,1250
77,SPB-10270,2019.11.2 16:41,151,망원1동주민센터,2,2019.11.2 16:59,101,(구)합정동 주민센터,4,16,1080
78,SPB-18146,2019.11.2 17:20,826,서울역 서부교차로2,14,2019.11.2 17:51,101,(구)합정동 주민센터,5,30,6930
79,SPB-24483,2019.11.2 17:29,272,당산육갑문,3,2019.11.2 17:58,101,(구)합정동 주민센터,2,28,4680
80,SPB-22746,2019.11.2 18:03,115,사루비아 빌딩 앞,9,2019.11.2 18:17,101,(구)합정동 주민센터,2,13,2210
81,SPB-08676,2019.11.2 18:25,108,서교동 사거리,4,2019.11.2 18:48,101,(구)합정동 주민센터,1,20,2570
82,SPB-07205,2019.11.2 18:30,175,홍연2교옆,18,2019.11.2 18:52,101,(구)합정동 주민센터,1,21,6750
83,SPB-08676,2019.11.2 18:51,101,(구)합정동 주민센터,1,2019.11.2 19:11,101,(구)합정동 주민센터,1,17,1320
84,SPB-07205,2019.11.2 20:24,101,(구)합정동 주민센터,1,2019.11.2 20:41,101,(구)합정동 주민센터,1,16,1470
85,SPB-07402,2019.11.2 19:54,101,(구)합정동 주민센터,3,2019.11.2 21:01,101,(구)합정동 주민센터,4,65,2280
86,SPB-04854,2019.11.2 19:52,101,(구)합정동 주민센터,5,2019.11.2 21:01,101,(구)합정동 주민센터,2,68,2300
87,SPB-08676,2019.11.2 19:53,101,(구)합정동 주민센터,1,2019.11.2 21:13,101,(구)합정동 주민센터,1,69,2230
88,SPB-12120,2019.11.2 20:30,419,홈플러스 앞,15,2019.11.2 21:14,101,(구)합정동 주민센터,5,44,4200
89,SPB-03614,2019.11.2 20:28,419,홈플러스 앞,13,2019.11.2 21:15,101,(구)합정동 주민센터,3,46,5720
90,SPB-06590,2019.11.2 21:00,182,망원2빗물펌프장 앞,2,2019.11.2 21:23,101,(구)합정동 주민센터,1,22,2580
91,SPB-07497,2019.11.2 21:22,3102,연희삼거리,9,2019.11.2 21:41,101,(구)합정동 주민센터,5,17,3410
92,SPB-22287,2019.11.2 22:56,112,극동방송국 앞,2,2019.11.2 23:09,101,(구)합정동 주민센터,2,12,1610
93,SPB-23827,2019.11.2 23:14,113,홍대입구역 2번출구 앞,11,2019.11.2 23:26,101,(구)합정동 주민센터,3,11,1850
94,SPB-11003,2019.11.2 23:45,102,망원역 1번출구 앞,9,2019.11.2 23:52,101,(구)합정동 주민센터,2,6,970
95,SPB-09782,2019.11.2 23:35,129,신촌역(2호선) 6번출구 옆,2,2019.11.2 23:55,101,(구)합정동 주민센터,5,18,3080
96,SPB-17282,2019.11.2 23:56,113,홍대입구역 2번출구 앞,11,2019.11.3 00:07,101,(구)합정동 주민센터,3,11,2270
97,SPB-22781,2019.11.2 23:26,113,홍대입구역 2번출구 앞,10,2019.11.3 00:09,101,(구)합정동 주민센터,5,42,4630
98,SPB-11651,2019.11.2 23:54,228,선유도역 3번출구 앞,8,2019.11.3 00:09,101,(구)합정동 주민센터,3,15,2290
99,SPB-17117,2019.11.3 00:08,102,망원역 1번출구 앞,10,2019.11.3 00:17,101,(구)합정동 주민센터,2,9,1110
100,SPB-22287,2019.11.3 08:56,101,(구)합정동 주민센터,2,2019.11.3 09:28,101,(구)합정동 주민센터,1,30,1410
101,SPB-01372,2019.11.3 09:48,182,망원2빗물펌프장 앞,7,2019.11.3 10:48,101,(구)합정동 주민센터,4,59,4370
102,SPB-15238,2019.11.3 10:29,139,연세대 정문 건너편,12,2019.11.3 10:53,101,(구)합정동 주민센터,2,24,3820
103,SPB-10191,2019.11.3 11:56,105,합정역 5번출구 앞,5,2019.11.3 12:35,101,(구)합정동 주민센터,4,38,1610
104,SPB-10735,2019.11.3 12:15,106,합정역 7번출구 앞,10,2019.11.3 12:41,101,(구)합정동 주민센터,1,25,2180
105,SPB-07497,2019.11.3 12:46,151,망원1동주민센터,4,2019.11.3 12:54,101,(구)합정동 주민센터,5,7,1080
106,SPB-05156,2019.11.3 14:04,103,망원역 2번출구 앞,8,2019.11.3 14:40,101,(구)합정동 주민센터,5,35,1140
107,SPB-23965,2019.11.3 14:39,152,마포구민체육센터 앞,28,2019.11.3 14:46,101,(구)합정동 주민센터,1,6,1100
108,SPB-21140,2019.11.3 15:38,104,합정역 1번출구 앞,10,2019.11.3 15:46,101,(구)합정동 주민센터,1,7,0
109,SPB-21140,2019.11.3 16:09,106,합정역 7번출구 앞,9,2019.11.3 16:14,101,(구)합정동 주민센터,2,4,0
110,SPB-18241,2019.11.3 14:26,2103,신림동 우방아파트,3,2019.11.3 16:27,101,(구)합정동 주민센터,4,121,17060
111,SPB-14209,2019.11.3 14:26,2103,신림동 우방아파트,1,2019.11.3 16:28,101,(구)합정동 주민센터,1,121,16910
112,SPB-06227,2019.11.3 16:27,151,망원1동주민센터,8,2019.11.3 16:34,101,(구)합정동 주민센터,3,6,1170
113,SPB-16593,2019.11.3 17:16,106,합정역 7번출구 앞,1,2019.11.3 18:11,101,(구)합정동 주민센터,5,54,860
114,SPB-18241,2019.11.3 17:45,101,(구)합정동 주민센터,4,2019.11.3 18:12,101,(구)합정동 주민센터,4,26,2560
115,SPB-20935,2019.11.3 18:09,183,하늘채코오롱아파트 건너편,13,2019.11.3 18:29,101,(구)합정동 주민센터,1,18,2700
116,SPB-17422,2019.11.3 19:34,151,망원1동주민센터,9,2019.11.3 19:48,101,(구)합정동 주민센터,1,13,1050
117,SPB-06227,2019.11.3 19:35,151,망원1동주민센터,8,2019.11.3 19:48,101,(구)합정동 주민센터,3,12,1060
118,SPB-14926,2019.11.3 19:46,106,합정역 7번출구 앞,6,2019.11.3 19:53,101,(구)합정동 주민센터,5,6,910
119,SPB-15011,2019.11.3 19:53,182,망원2빗물펌프장 앞,4,2019.11.3 20:31,101,(구)합정동 주민센터,4,37,4240
120,SPB-24564,2019.11.3 19:24,182,망원2빗물펌프장 앞,3,2019.11.3 20:38,101,(구)합정동 주민센터,1,72,8530
121,SPB-21795,2019.11.3 20:59,106,합정역 7번출구 앞,8,2019.11.3 21:04,101,(구)합정동 주민센터,3,5,450
122,SPB-12801,2019.11.3 21:15,114,홍대입구역 8번출구 앞,3,2019.11.3 21:33,101,(구)합정동 주민센터,1,16,1940
123,SPB-22075,2019.11.3 21:50,152,마포구민체육센터 앞,1,2019.11.3 21:57,101,(구)합정동 주민센터,1,6,970
124,SPB-07429,2019.11.3 21:39,440,하늘공원 입구,5,2019.11.3 22:06,101,(구)합정동 주민센터,2,25,4030
125,SPB-14782,2019.11.3 22:17,184,SK망원동주유소 건너편,1,2019.11.3 22:26,101,(구)합정동 주민센터,1,8,1490
126,SPB-18241,2019.11.3 22:31,196,연희교차로 인근,1,2019.11.3 22:58,101,(구)합정동 주민센터,5,26,4430
127,SPB-21795,2019.11.3 22:56,101,(구)합정동 주민센터,3,2019.11.3 23:02,101,(구)합정동 주민센터,2,5,280
128,SPB-03349,2019.11.3 23:03,124,서강대 정문 건너편,5,2019.11.3 23:23,101,(구)합정동 주민센터,3,19,3470
129,SPB-22403,2019.11.3 23:45,119,서강나루 공원,10,2019.11.3 23:59,101,(구)합정동 주민센터,5,12,1530
130,SPB-18241,2019.11.3 23:45,101,(구)합정동 주민센터,5,2019.11.4 00:16,101,(구)합정동 주민센터,5,30,3810
131,SPB-24421,2019.11.4 00:01,419,홈플러스 앞,11,2019.11.4 00:29,101,(구)합정동 주민센터,5,27,3540
132,SPB-24856,2019.11.4 00:05,419,홈플러스 앞,14,2019.11.4 00:29,101,(구)합정동 주민센터,1,22,4250
133,SPB-01878,2019.11.4 00:03,419,홈플러스 앞,15,2019.11.4 00:29,101,(구)합정동 주민센터,1,25,4450
134,SPB-07435,2019.11.4 02:08,151,망원1동주민센터,7,2019.11.4 02:14,101,(구)합정동 주민센터,3,5,700
135,SPB-24875,2019.11.4 03:56,264,교보생명보험 앞,3,2019.11.4 04:12,101,(구)합정동 주민센터,1,15,3320
136,SPB-01717,2019.11.4 09:09,438,성산2-1 공영주차장,1,2019.11.4 09:26,101,(구)합정동 주민센터,4,15,3900
137,SPB-06287,2019.11.4 09:05,203,국회의사당역 3번출구 옆,1,2019.11.4 09:28,101,(구)합정동 주민센터,3,22,5020
138,SPB-15658,2019.11.4 10:08,228,선유도역 3번출구 앞,6,2019.11.4 10:28,101,(구)합정동 주민센터,5,20,2860
139,SPB-15658,2019.11.4 11:03,101,(구)합정동 주민센터,5,2019.11.4 12:27,101,(구)합정동 주민센터,4,83,3850
140,SPB-15658,2019.11.4 12:38,101,(구)합정동 주민센터,4,2019.11.4 12:53,101,(구)합정동 주민센터,2,14,2590
141,SPB-22075,2019.11.4 12:25,101,(구)합정동 주민센터,1,2019.11.4 12:54,101,(구)합정동 주민센터,5,27,490
142,SPB-15142,2019.11.4 12:33,152,마포구민체육센터 앞,23,2019.11.4 13:17,101,(구)합정동 주민센터,4,44,0
143,SPB-24564,2019.11.4 14:47,101,(구)합정동 주민센터,1,2019.11.4 15:27,101,(구)합정동 주민센터,1,39,3300
144,SPB-19967,2019.11.4 15:01,102,망원역 1번출구 앞,11,2019.11.4 15:30,101,(구)합정동 주민센터,3,27,2010
145,SPB-00069,2019.11.4 15:01,102,망원역 1번출구 앞,12,2019.11.4 15:30,101,(구)합정동 주민센터,4,28,1940
146,SPB-17778,2019.11.4 15:23,184,SK망원동주유소 건너편,9,2019.11.4 15:34,101,(구)합정동 주민센터,5,11,1700
147,SPB-17778,2019.11.4 17:16,101,(구)합정동 주민센터,5,2019.11.4 17:41,101,(구)합정동 주민센터,1,24,1750
148,SPB-24758,2019.11.4 17:59,106,합정역 7번출구 앞,7,2019.11.4 18:20,101,(구)합정동 주민센터,5,20,1130
149,SPB-20844,2019.11.4 17:55,115,사루비아 빌딩 앞,3,2019.11.4 18:21,101,(구)합정동 주민센터,1,24,3110
150,SPB-23976,2019.11.4 18:00,129,신촌역(2호선) 6번출구 옆,9,2019.11.4 18:27,101,(구)합정동 주민센터,3,25,3350
151,SPB-05001,2019.11.4 18:23,102,망원역 1번출구 앞,19,2019.11.4 18:30,101,(구)합정동 주민센터,2,6,1180
152,SPB-12291,2019.11.4 18:10,409,누리꿈스퀘어 옆,1,2019.11.4 18:34,101,(구)합정동 주민센터,4,23,4660
153,SPB-02431,2019.11.4 18:18,148,용강동 주민센터 앞,1,2019.11.4 18:45,101,(구)합정동 주민센터,1,27,5510
154,SPB-08458,2019.11.4 18:44,108,서교동 사거리,5,2019.11.4 19:03,101,(구)합정동 주민센터,2,18,2100
155,SPB-13180,2019.11.4 18:45,108,서교동 사거리,4,2019.11.4 19:03,101,(구)합정동 주민센터,1,17,1590
156,SPB-22308,2019.11.4 19:39,106,합정역 7번출구 앞,8,2019.11.4 19:46,101,(구)합정동 주민센터,4,6,910
157,SPB-23976,2019.11.4 19:15,101,(구)합정동 주민센터,3,2019.11.4 19:46,101,(구)합정동 주민센터,3,30,2120
158,SPB-04641,2019.11.4 19:52,105,합정역 5번출구 앞,2,2019.11.4 19:59,101,(구)합정동 주민센터,3,6,1020
159,SPB-14959,2019.11.4 19:55,151,망원1동주민센터,4,2019.11.4 20:54,101,(구)합정동 주민센터,2,57,5200
160,SPB-16645,2019.11.4 21:07,826,서울역 서부교차로2,18,2019.11.4 21:33,101,(구)합정동 주민센터,2,26,6850
161,SPB-04641,2019.11.4 21:33,101,(구)합정동 주민센터,3,2019.11.4 21:42,101,(구)합정동 주민센터,1,8,0
162,SPB-12220,2019.11.4 21:41,432,마포중앙도서관,1,2019.11.4 21:52,101,(구)합정동 주민센터,3,9,1840
163,SPB-13543,2019.11.4 21:19,121,마포소방서 앞,14,2019.11.4 22:06,101,(구)합정동 주민센터,1,47,3430
164,SPB-06676,2019.11.4 22:04,151,망원1동주민센터,5,2019.11.4 22:12,101,(구)합정동 주민센터,1,6,1040
165,SPB-23824,2019.11.4 22:18,104,합정역 1번출구 앞,2,2019.11.4 22:23,101,(구)합정동 주민센터,5,5,780
166,SPB-24084,2019.11.4 22:23,103,망원역 2번출구 앞,4,2019.11.4 22:40,101,(구)합정동 주민센터,1,15,750
167,SPB-11840,2019.11.4 22:40,104,합정역 1번출구 앞,7,2019.11.4 22:47,101,(구)합정동 주민센터,5,7,870
168,SPB-08884,2019.11.4 22:40,104,합정역 1번출구 앞,1,2019.11.4 22:47,101,(구)합정동 주민센터,1,7,1120
169,SPB-22099,2019.11.4 22:33,128,신촌역(2호선) 1번출구 옆,6,2019.11.4 22:52,101,(구)합정동 주민센터,3,18,3010
170,SPB-22641,2019.11.4 22:26,391,정동길입구,5,2019.11.4 23:10,101,(구)합정동 주민센터,2,43,6340
171,SPB-09543,2019.11.4 23:32,102,망원역 1번출구 앞,8,2019.11.4 23:42,101,(구)합정동 주민센터,1,9,1140
172,SPB-14426,2019.11.5 00:08,109,제일빌딩 앞,10,2019.11.5 00:16,101,(구)합정동 주민센터,1,7,1410
173,SPB-06938,2019.11.5 00:37,306,광화문역 7번출구 앞,4,2019.11.5 01:11,101,(구)합정동 주민센터,4,34,8160
174,SPB-07062,2019.11.5 01:21,151,망원1동주민센터,10,2019.11.5 01:27,101,(구)합정동 주민센터,3,5,1050
175,SPB-12641,2019.11.5 01:34,102,망원역 1번출구 앞,12,2019.11.5 01:41,101,(구)합정동 주민센터,3,6,1110
176,SPB-23475,2019.11.5 01:49,103,망원역 2번출구 앞,13,2019.11.5 01:55,101,(구)합정동 주민센터,1,5,740
177,SPB-22450,2019.11.5 02:06,106,합정역 7번출구 앞,4,2019.11.5 02:11,101,(구)합정동 주민센터,3,5,480
178,SPB-13900,2019.11.5 09:16,103,망원역 2번출구 앞,6,2019.11.5 09:23,101,(구)합정동 주민센터,2,6,1060
179,SPB-14571,2019.11.5 09:09,438,성산2-1 공영주차장,2,2019.11.5 09:27,101,(구)합정동 주민센터,5,17,3880
180,SPB-14571,2019.11.5 09:52,104,합정역 1번출구 앞,2,2019.11.5 09:57,101,(구)합정동 주민센터,1,5,1130
181,SPB-13900,2019.11.5 09:43,101,(구)합정동 주민센터,2,2019.11.5 10:27,101,(구)합정동 주민센터,1,43,4810
182,SPB-02659,2019.11.5 11:44,113,홍대입구역 2번출구 앞,25,2019.11.5 11:57,101,(구)합정동 주민센터,1,12,1770
183,SPB-14784,2019.11.5 13:02,152,마포구민체육센터 앞,21,2019.11.5 13:19,101,(구)합정동 주민센터,5,17,1790
184,SPB-06274,2019.11.5 12:54,102,망원역 1번출구 앞,15,2019.11.5 13:26,101,(구)합정동 주민센터,4,32,2440
185,SPB-20864,2019.11.5 13:18,111,상수역 2번출구 앞,10,2019.11.5 13:36,101,(구)합정동 주민센터,1,16,3680
186,SPB-14919,2019.11.5 12:53,181,망원초록길 입구,6,2019.11.5 13:46,101,(구)합정동 주민센터,1,52,3780
187,SPB-05318,2019.11.5 13:35,427,성산시영아파트,2,2019.11.5 13:51,101,(구)합정동 주민센터,3,15,3210
188,SPB-06770,2019.11.5 13:32,125,서강대 남문 옆,6,2019.11.5 13:53,101,(구)합정동 주민센터,1,21,3570
189,SPB-12842,2019.11.5 15:30,113,홍대입구역 2번출구 앞,22,2019.11.5 15:50,101,(구)합정동 주민센터,4,18,1860
190,SPB-12842,2019.11.5 15:56,101,(구)합정동 주민센터,4,2019.11.5 16:03,101,(구)합정동 주민센터,2,6,700
191,SPB-03622,2019.11.5 16:35,152,마포구민체육센터 앞,6,2019.11.5 16:43,101,(구)합정동 주민센터,4,7,1160
192,SPB-18327,2019.11.5 16:49,196,연희교차로 인근,8,2019.11.5 17:13,101,(구)합정동 주민센터,5,22,4140
193,SPB-14886,2019.11.5 18:07,104,합정역 1번출구 앞,2,2019.11.5 18:16,101,(구)합정동 주민센터,3,8,1080
194,SPB-21192,2019.11.5 17:54,203,국회의사당역 3번출구 옆,2,2019.11.5 18:18,101,(구)합정동 주민센터,2,22,3940
195,SPB-20543,2019.11.5 18:07,409,누리꿈스퀘어 옆,4,2019.11.5 18:32,101,(구)합정동 주민센터,2,24,4220
196,SPB-20995,2019.11.5 18:13,148,용강동 주민센터 앞,2,2019.11.5 18:41,101,(구)합정동 주민센터,1,27,4560
197,SPB-23690,2019.11.5 18:41,247,당산역 10번출구 앞,9,2019.11.5 18:59,101,(구)합정동 주민센터,5,17,2930
198,SPB-25430,2019.11.5 18:14,224,롯데캐슬 앞,17,2019.11.5 19:06,101,(구)합정동 주민센터,4,49,7260
199,SPB-05808,2019.11.5 19:11,410,상암중학교 옆,3,2019.11.5 19:32,101,(구)합정동 주민센터,2,20,5500
200,SPB-11531,2019.11.5 19:41,104,합정역 1번출구 앞,8,2019.11.5 19:50,101,(구)합정동 주민센터,1,9,1090
201,SPB-11062,2019.11.5 20:20,129,신촌역(2호선) 6번출구 옆,9,2019.11.5 20:51,101,(구)합정동 주민센터,1,30,3170
202,SPB-03991,2019.11.5 20:34,111,상수역 2번출구 앞,9,2019.11.5 21:03,101,(구)합정동 주민센터,2,28,3980
203,SPB-05365,2019.11.5 21:06,106,합정역 7번출구 앞,5,2019.11.5 21:13,101,(구)합정동 주민센터,5,6,970
204,SPB-23327,2019.11.5 22:14,391,정동길입구,2,2019.11.5 22:54,101,(구)합정동 주민센터,5,37,7210
205,SPB-18099,2019.11.5 23:30,102,망원역 1번출구 앞,20,2019.11.5 23:48,101,(구)합정동 주민센터,1,17,1780
206,SPB-06638,2019.11.5 22:52,413,상암월드컵파크 3단지 후문,8,2019.11.6 00:05,101,(구)합정동 주민센터,1,73,6900
207,SPB-08746,2019.11.5 22:51,413,상암월드컵파크 3단지 후문,2,2019.11.6 00:06,101,(구)합정동 주민센터,4,74,6520
208,SPB-18099,2019.11.6 00:00,101,(구)합정동 주민센터,1,2019.11.6 00:16,101,(구)합정동 주민센터,4,15,1610
209,SPB-23690,2019.11.6 00:27,106,합정역 7번출구 앞,4,2019.11.6 00:32,101,(구)합정동 주민센터,1,5,710
210,SPB-19171,2019.11.6 01:42,151,망원1동주민센터,10,2019.11.6 01:48,101,(구)합정동 주민센터,5,5,1060
211,SPB-11997,2019.11.6 07:50,956,응암시장교차로,9,2019.11.6 08:18,101,(구)합정동 주민센터,4,28,6160
212,SPB-15978,2019.11.6 08:45,103,망원역 2번출구 앞,14,2019.11.6 08:52,101,(구)합정동 주민센터,4,6,1110
213,SPB-21502,2019.11.6 09:07,103,망원역 2번출구 앞,8,2019.11.6 09:17,101,(구)합정동 주민센터,2,9,950
214,SPB-04119,2019.11.6 09:49,104,합정역 1번출구 앞,8,2019.11.6 09:56,101,(구)합정동 주민센터,1,6,1140
215,SPB-19116,2019.11.6 10:36,228,선유도역 3번출구 앞,9,2019.11.6 10:52,101,(구)합정동 주민센터,4,16,3000
216,SPB-18670,2019.11.6 11:41,113,홍대입구역 2번출구 앞,22,2019.11.6 11:54,101,(구)합정동 주민센터,1,12,1990
217,SPB-25280,2019.11.6 10:35,103,망원역 2번출구 앞,8,2019.11.6 12:24,101,(구)합정동 주민센터,4,105,1050
218,SPB-16974,2019.11.6 15:44,114,홍대입구역 8번출구 앞,13,2019.11.6 15:58,101,(구)합정동 주민센터,5,13,0
219,SPB-04754,2019.11.6 16:08,151,망원1동주민센터,2,2019.11.6 16:45,101,(구)합정동 주민센터,5,36,2960
220,SPB-16815,2019.11.6 16:52,106,합정역 7번출구 앞,2,2019.11.6 17:04,101,(구)합정동 주민센터,2,11,920
221,SPB-06127,2019.11.6 16:06,1925,동양미래대학교 정문 옆,6,2019.11.6 17:09,101,(구)합정동 주민센터,4,62,12610
222,SPB-23090,2019.11.6 17:09,141,연대 대운동장 옆,10,2019.11.6 17:40,101,(구)합정동 주민센터,3,30,3960
223,SPB-13851,2019.11.6 17:48,152,마포구민체육센터 앞,18,2019.11.6 17:52,101,(구)합정동 주민센터,1,4,1180
224,SPB-11422,2019.11.6 17:55,205,산업은행 앞,17,2019.11.6 18:21,101,(구)합정동 주민센터,2,25,4490
225,SPB-14445,2019.11.6 18:07,409,누리꿈스퀘어 옆,2,2019.11.6 18:32,101,(구)합정동 주민센터,1,25,5280
226,SPB-16104,2019.11.6 18:25,104,합정역 1번출구 앞,5,2019.11.6 18:36,101,(구)합정동 주민센터,5,10,1010
227,SPB-08739,2019.11.6 18:32,115,사루비아 빌딩 앞,1,2019.11.6 18:46,101,(구)합정동 주민센터,5,13,2590
228,SPB-17074,2019.11.6 18:33,267,삼성화재 사옥 옆,2,2019.11.6 18:49,101,(구)합정동 주민센터,2,14,2390
229,SPB-06190,2019.11.6 18:23,226,샛강역 1번출구 앞,12,2019.11.6 18:50,101,(구)합정동 주민센터,1,25,0
230,SPB-23204,2019.11.6 19:04,408,LG CNS앞,12,2019.11.6 19:28,101,(구)합정동 주민센터,3,24,4800
231,SPB-16810,2019.11.6 21:26,152,마포구민체육센터 앞,25,2019.11.6 21:35,101,(구)합정동 주민센터,5,9,1200
232,SPB-17708,2019.11.6 21:47,826,서울역 서부교차로2,7,2019.11.6 22:16,101,(구)합정동 주민센터,5,28,6800
233,SPB-06190,2019.11.6 22:11,101,(구)합정동 주민센터,1,2019.11.6 22:27,101,(구)합정동 주민센터,1,15,0
234,SPB-22624,2019.11.6 23:01,103,망원역 2번출구 앞,4,2019.11.6 23:09,101,(구)합정동 주민센터,5,6,760
235,SPB-18311,2019.11.6 23:35,109,제일빌딩 앞,9,2019.11.6 23:45,101,(구)합정동 주민센터,5,8,1500
236,SPB-16119,2019.11.7 02:27,151,망원1동주민센터,6,2019.11.7 02:33,101,(구)합정동 주민센터,2,5,1070
237,SPB-06454,2019.11.7 08:45,102,망원역 1번출구 앞,9,2019.11.7 08:54,101,(구)합정동 주민센터,5,9,1350
238,SPB-06454,2019.11.7 09:07,103,망원역 2번출구 앞,4,2019.11.7 09:14,101,(구)합정동 주민센터,3,5,1050
239,SPB-14547,2019.11.7 09:31,152,마포구민체육센터 앞,1,2019.11.7 09:46,101,(구)합정동 주민센터,4,13,0
240,SPB-15214,2019.11.7 09:44,104,합정역 1번출구 앞,12,2019.11.7 09:49,101,(구)합정동 주민센터,5,4,1210
241,SPB-09571,2019.11.7 09:45,391,정동길입구,4,2019.11.7 09:55,101,(구)합정동 주민센터,4,9,1110
242,SPB-22387,2019.11.7 09:49,104,합정역 1번출구 앞,11,2019.11.7 10:00,101,(구)합정동 주민센터,3,11,950
243,SPB-16422,2019.11.7 13:08,152,마포구민체육센터 앞,28,2019.11.7 13:14,101,(구)합정동 주민센터,5,5,1180
244,SPB-16551,2019.11.7 14:58,421,마포구청 앞,8,2019.11.7 15:20,101,(구)합정동 주민센터,5,21,2820
245,SPB-03243,2019.11.7 15:29,113,홍대입구역 2번출구 앞,8,2019.11.7 15:40,101,(구)합정동 주민센터,4,11,2310
246,SPB-22542,2019.11.7 15:59,111,상수역 2번출구 앞,4,2019.11.7 16:11,101,(구)합정동 주민센터,1,11,1580
247,SPB-06373,2019.11.7 16:02,141,연대 대운동장 옆,4,2019.11.7 16:24,101,(구)합정동 주민센터,1,21,0
248,SPB-21813,2019.11.7 16:33,104,합정역 1번출구 앞,3,2019.11.7 16:40,101,(구)합정동 주민센터,5,6,800
249,SPB-09682,2019.11.7 17:08,183,하늘채코오롱아파트 건너편,6,2019.11.7 17:43,101,(구)합정동 주민센터,5,34,3810
250,SPB-06588,2019.11.7 17:52,203,국회의사당역 3번출구 옆,5,2019.11.7 18:18,101,(구)합정동 주민센터,4,25,5010
251,SPB-24761,2019.11.7 18:44,267,삼성화재 사옥 옆,2,2019.11.7 18:57,101,(구)합정동 주민센터,1,12,2310
252,SPB-07514,2019.11.7 18:59,225,앙카라공원 앞,2,2019.11.7 19:29,101,(구)합정동 주민센터,5,29,5630
253,SPB-21357,2019.11.7 20:53,104,합정역 1번출구 앞,9,2019.11.7 20:58,101,(구)합정동 주민센터,3,4,790
254,SPB-23941,2019.11.7 21:12,826,서울역 서부교차로2,17,2019.11.7 21:39,101,(구)합정동 주민센터,3,27,6150
255,SPB-22061,2019.11.7 21:45,106,합정역 7번출구 앞,2,2019.11.7 21:50,101,(구)합정동 주민센터,1,4,760
256,SPB-14672,2019.11.7 21:47,152,마포구민체육센터 앞,20,2019.11.7 21:57,101,(구)합정동 주민센터,1,9,1190
257,SPB-03614,2019.11.7 21:40,121,마포소방서 앞,13,2019.11.7 21:57,101,(구)합정동 주민센터,2,16,2940
258,SPB-18541,2019.11.7 23:13,108,서교동 사거리,9,2019.11.7 23:22,101,(구)합정동 주민센터,5,8,1570
259,SPB-18245,2019.11.7 23:46,103,망원역 2번출구 앞,14,2019.11.7 23:57,101,(구)합정동 주민센터,2,10,1720
260,SPB-13596,2019.11.7 23:51,103,망원역 2번출구 앞,9,2019.11.7 23:58,101,(구)합정동 주민센터,1,6,1040
261,SPB-18883,2019.11.8 02:10,151,망원1동주민센터,2,2019.11.8 02:20,101,(구)합정동 주민센터,5,9,570
262,SPB-17059,2019.11.8 08:46,103,망원역 2번출구 앞,7,2019.11.8 08:52,101,(구)합정동 주민센터,5,6,1170
263,SPB-15960,2019.11.8 09:10,103,망원역 2번출구 앞,1,2019.11.8 09:18,101,(구)합정동 주민센터,4,8,1060
264,SPB-20868,2019.11.8 09:46,104,합정역 1번출구 앞,8,2019.11.8 09:54,101,(구)합정동 주민센터,4,7,990
265,SPB-08123,2019.11.8 11:42,113,홍대입구역 2번출구 앞,19,2019.11.8 11:54,101,(구)합정동 주민센터,3,11,2150
266,SPB-08123,2019.11.8 12:56,101,(구)합정동 주민센터,3,2019.11.8 13:11,101,(구)합정동 주민센터,3,13,1710
267,SPB-16032,2019.11.8 13:06,152,마포구민체육센터 앞,30,2019.11.8 13:12,101,(구)합정동 주민센터,5,5,1170
268,SPB-22576,2019.11.8 14:01,421,마포구청 앞,1,2019.11.8 14:24,101,(구)합정동 주민센터,1,22,3900
269,SPB-22660,2019.11.8 14:19,111,상수역 2번출구 앞,6,2019.11.8 14:42,101,(구)합정동 주민센터,2,21,1770
270,SPB-08123,2019.11.8 14:28,101,(구)합정동 주민센터,3,2019.11.8 14:43,101,(구)합정동 주민센터,3,14,1870
271,SPB-07062,2019.11.8 15:32,113,홍대입구역 2번출구 앞,21,2019.11.8 15:57,101,(구)합정동 주민센터,3,24,2310
272,SPB-08123,2019.11.8 15:34,101,(구)합정동 주민센터,3,2019.11.8 16:18,101,(구)합정동 주민센터,5,43,5330
273,SPB-06693,2019.11.8 15:42,154,마포구청역,6,2019.11.8 16:37,101,(구)합정동 주민센터,1,54,2820
274,SPB-02367,2019.11.8 17:31,106,합정역 7번출구 앞,6,2019.11.8 17:38,101,(구)합정동 주민센터,2,6,1030
275,SPB-21790,2019.11.8 16:53,186,월드컵공원,30,2019.11.8 17:39,101,(구)합정동 주민센터,1,45,3580
276,SPB-22365,2019.11.8 18:18,148,용강동 주민센터 앞,1,2019.11.8 18:49,101,(구)합정동 주민센터,5,29,4790
277,SPB-08399,2019.11.8 18:47,432,마포중앙도서관,4,2019.11.8 19:00,101,(구)합정동 주민센터,3,12,2000
278,SPB-23798,2019.11.8 19:13,106,합정역 7번출구 앞,2,2019.11.8 19:27,101,(구)합정동 주민센터,1,12,440
279,SPB-14276,2019.11.8 19:07,410,상암중학교 옆,4,2019.11.8 19:33,101,(구)합정동 주민센터,4,25,5500
280,SPB-07062,2019.11.8 19:27,104,합정역 1번출구 앞,12,2019.11.8 19:33,101,(구)합정동 주민센터,1,5,1090
281,SPB-22277,2019.11.8 19:20,103,망원역 2번출구 앞,13,2019.11.8 20:14,101,(구)합정동 주민센터,1,50,4520
282,SPB-14593,2019.11.8 19:20,103,망원역 2번출구 앞,14,2019.11.8 20:15,101,(구)합정동 주민센터,1,54,5140
283,SPB-02239,2019.11.8 19:42,284,센트럴 푸르지오 시티 앞,11,2019.11.8 20:26,101,(구)합정동 주민센터,2,39,4660
284,SPB-02367,2019.11.8 20:24,101,(구)합정동 주민센터,2,2019.11.8 20:42,101,(구)합정동 주민센터,1,17,1820
285,SPB-21760,2019.11.8 20:28,826,서울역 서부교차로2,20,2019.11.8 20:57,101,(구)합정동 주민센터,5,27,6120
286,SPB-16068,2019.11.8 22:12,102,망원역 1번출구 앞,2,2019.11.8 22:20,101,(구)합정동 주민센터,2,7,1130
287,SPB-03852,2019.11.8 22:17,102,망원역 1번출구 앞,15,2019.11.8 22:27,101,(구)합정동 주민센터,5,9,1070
288,SPB-05480,2019.11.8 22:27,103,망원역 2번출구 앞,10,2019.11.8 22:33,101,(구)합정동 주민센터,2,6,1050
289,SPB-14488,2019.11.8 22:33,103,망원역 2번출구 앞,11,2019.11.8 22:39,101,(구)합정동 주민센터,1,5,1090
290,SPB-22933,2019.11.8 22:30,112,극동방송국 앞,5,2019.11.8 22:44,101,(구)합정동 주민센터,4,13,1700
291,SPB-17890,2019.11.8 22:03,391,정동길입구,3,2019.11.8 22:48,101,(구)합정동 주민센터,3,44,8120
292,SPB-14571,2019.11.8 22:54,114,홍대입구역 8번출구 앞,11,2019.11.8 23:07,101,(구)합정동 주민센터,2,13,2400
293,SPB-20415,2019.11.8 23:10,113,홍대입구역 2번출구 앞,1,2019.11.8 23:22,101,(구)합정동 주민센터,5,12,1250
294,SPB-08818,2019.11.8 23:13,108,서교동 사거리,2,2019.11.8 23:24,101,(구)합정동 주민센터,2,10,1360
295,SPB-16380,2019.11.9 00:35,419,홈플러스 앞,20,2019.11.9 00:51,101,(구)합정동 주민센터,1,16,4290
296,SPB-13790,2019.11.9 08:05,203,국회의사당역 3번출구 옆,2,2019.11.9 08:30,101,(구)합정동 주민센터,3,25,4980
297,SPB-08399,2019.11.9 06:49,101,(구)합정동 주민센터,3,2019.11.9 08:40,101,(구)합정동 주민센터,2,100,2830
298,SPB-14276,2019.11.9 11:23,101,(구)합정동 주민센터,4,2019.11.9 12:45,101,(구)합정동 주민센터,5,81,2400
299,SPB-13611,2019.11.9 12:46,152,마포구민체육센터 앞,27,2019.11.9 12:57,101,(구)합정동 주민센터,1,10,1210
300,SPB-15132,2019.11.9 14:16,106,합정역 7번출구 앞,10,2019.11.9 14:28,101,(구)합정동 주민센터,1,11,950
301,SPB-18981,2019.11.9 14:42,134,연세로 명물길,1,2019.11.9 15:05,101,(구)합정동 주민센터,3,22,3890
302,SPB-20417,2019.11.9 18:24,116,일진아이윌아파트 옆,2,2019.11.9 20:27,101,(구)합정동 주민센터,1,114,2970
303,SPB-20022,2019.11.9 18:23,116,일진아이윌아파트 옆,4,2019.11.9 20:28,101,(구)합정동 주민센터,4,122,3440
304,SPB-14218,2019.11.9 20:33,114,홍대입구역 8번출구 앞,6,2019.11.9 20:52,101,(구)합정동 주민센터,2,17,2590
305,SPB-19959,2019.11.9 20:46,102,망원역 1번출구 앞,20,2019.11.9 20:55,101,(구)합정동 주민센터,3,8,1110
306,SPB-14218,2019.11.9 21:05,101,(구)합정동 주민센터,2,2019.11.9 21:25,101,(구)합정동 주민센터,2,19,1730
307,SPB-21297,2019.11.9 21:04,391,정동길입구,8,2019.11.9 21:51,101,(구)합정동 주민센터,1,45,7750
308,SPB-10067,2019.11.9 21:37,108,서교동 사거리,1,2019.11.9 21:58,101,(구)합정동 주민센터,3,20,1270
309,SPB-08019,2019.11.9 21:56,112,극동방송국 앞,9,2019.11.9 22:06,101,(구)합정동 주민센터,5,10,1660
310,SPB-24279,2019.11.9 23:23,125,서강대 남문 옆,15,2019.11.9 23:43,101,(구)합정동 주민센터,2,18,4670
311,SPB-18301,2019.11.9 23:40,103,망원역 2번출구 앞,9,2019.11.10 00:21,101,(구)합정동 주민센터,4,40,6510
312,SPB-12984,2019.11.10 01:03,134,연세로 명물길,8,2019.11.10 01:32,101,(구)합정동 주민센터,1,27,3400
313,SPB-10067,2019.11.10 05:59,101,(구)합정동 주민센터,3,2019.11.10 07:00,101,(구)합정동 주민센터,2,59,2440
314,SPB-11714,2019.11.10 06:22,113,홍대입구역 2번출구 앞,5,2019.11.10 07:18,101,(구)합정동 주민센터,5,54,2410
315,SPB-24164,2019.11.10 10:04,182,망원2빗물펌프장 앞,4,2019.11.10 10:40,101,(구)합정동 주민센터,2,35,2390
316,SPB-11835,2019.11.10 10:31,182,망원2빗물펌프장 앞,7,2019.11.10 11:32,101,(구)합정동 주민센터,1,59,5080
317,SPB-00927,2019.11.10 13:45,1998,고척교 교차로,6,2019.11.10 14:40,101,(구)합정동 주민센터,4,54,9310
318,SPB-05095,2019.11.10 16:07,151,망원1동주민센터,8,2019.11.10 16:20,101,(구)합정동 주민센터,1,12,1130
319,SPB-14725,2019.11.10 16:30,152,마포구민체육센터 앞,24,2019.11.10 16:41,101,(구)합정동 주민센터,2,10,1200
320,SPB-17468,2019.11.10 21:40,106,합정역 7번출구 앞,5,2019.11.10 21:45,101,(구)합정동 주민센터,1,4,840
321,SPB-15033,2019.11.10 21:32,125,서강대 남문 옆,7,2019.11.10 21:56,101,(구)합정동 주민센터,3,23,5230
322,SPB-15025,2019.11.10 22:24,103,망원역 2번출구 앞,14,2019.11.10 22:31,101,(구)합정동 주민센터,2,7,1070
323,SPB-14235,2019.11.11 00:45,108,서교동 사거리,1,2019.11.11 01:16,101,(구)합정동 주민센터,5,30,2240
324,SPB-03852,2019.11.11 09:20,103,망원역 2번출구 앞,14,2019.11.11 09:27,101,(구)합정동 주민센터,2,6,690
325,SPB-19930,2019.11.11 09:51,104,합정역 1번출구 앞,8,2019.11.11 09:59,101,(구)합정동 주민센터,1,7,1120
326,SPB-19930,2019.11.11 10:19,101,(구)합정동 주민센터,1,2019.11.11 10:32,101,(구)합정동 주민센터,1,12,1040
327,SPB-19930,2019.11.11 10:43,101,(구)합정동 주민센터,1,2019.11.11 11:23,101,(구)합정동 주민센터,3,39,3370
328,SPB-22264,2019.11.11 12:02,103,망원역 2번출구 앞,5,2019.11.11 12:08,101,(구)합정동 주민센터,1,5,1030
329,SPB-19930,2019.11.11 12:54,101,(구)합정동 주민센터,3,2019.11.11 13:03,101,(구)합정동 주민센터,3,8,1350
330,SPB-12136,2019.11.11 13:49,103,망원역 2번출구 앞,12,2019.11.11 13:57,101,(구)합정동 주민센터,4,7,1270
331,SPB-19930,2019.11.11 13:09,101,(구)합정동 주민센터,3,2019.11.11 14:24,101,(구)합정동 주민센터,3,74,2860
332,SPB-06200,2019.11.11 14:26,115,사루비아 빌딩 앞,1,2019.11.11 14:44,101,(구)합정동 주민센터,4,18,0
333,SPB-16226,2019.11.11 14:47,102,망원역 1번출구 앞,17,2019.11.11 14:55,101,(구)합정동 주민센터,3,7,1170
334,SPB-16430,2019.11.11 14:56,104,합정역 1번출구 앞,7,2019.11.11 15:05,101,(구)합정동 주민센터,1,9,1000
335,SPB-20868,2019.11.11 14:42,104,합정역 1번출구 앞,12,2019.11.11 15:10,101,(구)합정동 주민센터,2,25,1770
336,SPB-17824,2019.11.11 17:05,148,용강동 주민센터 앞,11,2019.11.11 17:34,101,(구)합정동 주민센터,5,28,5710
337,SPB-08573,2019.11.11 17:59,151,망원1동주민센터,6,2019.11.11 18:08,101,(구)합정동 주민센터,1,8,990
338,SPB-06910,2019.11.11 18:20,432,마포중앙도서관,9,2019.11.11 18:34,101,(구)합정동 주민센터,1,13,2330
339,SPB-11840,2019.11.11 18:35,106,합정역 7번출구 앞,10,2019.11.11 18:42,101,(구)합정동 주민센터,5,6,810
340,SPB-17824,2019.11.11 18:21,101,(구)합정동 주민센터,5,2019.11.11 18:47,101,(구)합정동 주민센터,1,25,1750
341,SPB-04690,2019.11.11 18:22,148,용강동 주민센터 앞,3,2019.11.11 18:54,101,(구)합정동 주민센터,1,30,5510
342,SPB-05294,2019.11.11 19:01,104,합정역 1번출구 앞,4,2019.11.11 19:09,101,(구)합정동 주민센터,1,8,1290
343,SPB-03379,2019.11.11 18:31,226,샛강역 1번출구 앞,18,2019.11.11 19:18,101,(구)합정동 주민센터,4,46,6850
344,SPB-07966,2019.11.11 19:10,410,상암중학교 옆,4,2019.11.11 19:32,101,(구)합정동 주민센터,3,20,4540
345,SPB-07239,2019.11.11 19:12,104,합정역 1번출구 앞,12,2019.11.11 20:06,101,(구)합정동 주민센터,1,53,1230
346,SPB-12175,2019.11.11 20:22,184,SK망원동주유소 건너편,7,2019.11.11 20:32,101,(구)합정동 주민센터,1,9,1470
347,SPB-13199,2019.11.11 20:25,403,부엉이공원 앞,1,2019.11.11 21:00,101,(구)합정동 주민센터,2,33,6840
348,SPB-17396,2019.11.11 20:38,346,맥스타일 앞,6,2019.11.11 21:02,101,(구)합정동 주민센터,1,24,5290
349,SPB-14833,2019.11.11 21:18,432,마포중앙도서관,2,2019.11.11 21:31,101,(구)합정동 주민센터,1,12,2440
350,SPB-11389,2019.11.11 21:22,245,삼성생명 당산사옥 앞,6,2019.11.11 21:46,101,(구)합정동 주민센터,3,23,3190
351,SPB-07788,2019.11.11 21:38,152,마포구민체육센터 앞,23,2019.11.11 21:49,101,(구)합정동 주민센터,1,11,1070
352,SPB-25156,2019.11.11 23:15,623,서울시립대 정문 앞,12,2019.11.11 23:33,101,(구)합정동 주민센터,1,17,2860
353,SPB-17319,2019.11.11 22:46,391,정동길입구,2,2019.11.11 23:34,101,(구)합정동 주민센터,2,48,8290
354,SPB-11389,2019.11.11 22:05,101,(구)합정동 주민센터,3,2019.11.11 23:37,101,(구)합정동 주민센터,1,91,2020
355,SPB-17800,2019.11.12 00:42,106,합정역 7번출구 앞,5,2019.11.12 00:50,101,(구)합정동 주민센터,4,7,940
356,SPB-01566,2019.11.12 01:29,106,합정역 7번출구 앞,1,2019.11.12 01:35,101,(구)합정동 주민센터,1,5,820
357,SPB-22267,2019.11.12 01:52,151,망원1동주민센터,9,2019.11.12 01:56,101,(구)합정동 주민센터,5,4,1000
358,SPB-23155,2019.11.12 01:45,124,서강대 정문 건너편,6,2019.11.12 02:01,101,(구)합정동 주민센터,1,14,2790
359,SPB-11546,2019.11.12 01:59,108,서교동 사거리,5,2019.11.12 02:09,101,(구)합정동 주민센터,1,9,1550
360,SPB-14751,2019.11.12 09:06,438,성산2-1 공영주차장,9,2019.11.12 09:26,101,(구)합정동 주민센터,5,19,3900
361,SPB-24781,2019.11.12 09:47,104,합정역 1번출구 앞,10,2019.11.12 09:53,101,(구)합정동 주민센터,3,6,1070
362,SPB-24781,2019.11.12 10:45,101,(구)합정동 주민센터,3,2019.11.12 11:50,101,(구)합정동 주민센터,4,64,5600
363,SPB-24858,2019.11.12 11:41,113,홍대입구역 2번출구 앞,21,2019.11.12 11:54,101,(구)합정동 주민센터,1,11,2060
364,SPB-24781,2019.11.12 12:54,101,(구)합정동 주민센터,4,2019.11.12 12:58,101,(구)합정동 주민센터,4,4,690
365,SPB-04514,2019.11.12 12:32,152,마포구민체육센터 앞,1,2019.11.12 13:04,101,(구)합정동 주민센터,3,32,1200
366,SPB-22373,2019.11.12 14:42,102,망원역 1번출구 앞,6,2019.11.12 14:50,101,(구)합정동 주민센터,2,8,1160
367,SPB-06607,2019.11.12 14:54,102,망원역 1번출구 앞,13,2019.11.12 15:04,101,(구)합정동 주민센터,4,9,1410
368,SPB-20633,2019.11.12 15:33,113,홍대입구역 2번출구 앞,24,2019.11.12 15:50,101,(구)합정동 주민센터,2,16,2240
369,SPB-09784,2019.11.12 15:59,148,용강동 주민센터 앞,10,2019.11.12 16:27,101,(구)합정동 주민센터,1,28,5030
370,SPB-04514,2019.11.12 16:55,101,(구)합정동 주민센터,3,2019.11.12 17:07,101,(구)합정동 주민센터,3,10,1840
371,SPB-17300,2019.11.12 18:14,148,용강동 주민센터 앞,2,2019.11.12 18:42,101,(구)합정동 주민센터,1,28,5390
372,SPB-06102,2019.11.12 18:55,151,망원1동주민센터,9,2019.11.12 19:02,101,(구)합정동 주민센터,2,6,1170
373,SPB-11141,2019.11.12 19:16,247,당산역 10번출구 앞,4,2019.11.12 19:31,101,(구)합정동 주민센터,4,15,2450
374,SPB-02757,2019.11.12 19:38,151,망원1동주민센터,2,2019.11.12 19:49,101,(구)합정동 주민센터,5,10,1310
375,SPB-09235,2019.11.12 19:23,403,부엉이공원 앞,8,2019.11.12 20:01,101,(구)합정동 주민센터,1,32,6450
376,SPB-23858,2019.11.12 21:01,826,서울역 서부교차로2,12,2019.11.12 21:31,101,(구)합정동 주민센터,1,29,6210
377,SPB-08753,2019.11.12 22:01,106,합정역 7번출구 앞,7,2019.11.12 22:07,101,(구)합정동 주민센터,1,5,590
378,SPB-07236,2019.11.12 22:15,152,마포구민체육센터 앞,25,2019.11.12 22:27,101,(구)합정동 주민센터,2,10,1200
379,SPB-16069,2019.11.12 23:13,104,합정역 1번출구 앞,1,2019.11.12 23:18,101,(구)합정동 주민센터,1,5,990
380,SPB-22144,2019.11.12 22:51,391,정동길입구,4,2019.11.12 23:32,101,(구)합정동 주민센터,3,38,7330
381,SPB-06351,2019.11.12 23:47,103,망원역 2번출구 앞,9,2019.11.12 23:53,101,(구)합정동 주민센터,1,5,0
382,SPB-16124,2019.11.13 00:20,104,합정역 1번출구 앞,9,2019.11.13 00:28,101,(구)합정동 주민센터,4,7,1070
383,SPB-20972,2019.11.13 01:00,104,합정역 1번출구 앞,11,2019.11.13 01:05,101,(구)합정동 주민센터,5,5,710
384,SPB-22802,2019.11.13 09:32,103,망원역 2번출구 앞,3,2019.11.13 09:39,101,(구)합정동 주민센터,2,6,930
385,SPB-18589,2019.11.13 10:01,106,합정역 7번출구 앞,3,2019.11.13 10:06,101,(구)합정동 주민센터,1,4,500
386,SPB-19322,2019.11.13 11:50,152,마포구민체육센터 앞,23,2019.11.13 11:56,101,(구)합정동 주민센터,3,6,1160
387,SPB-17788,2019.11.13 13:04,152,마포구민체육센터 앞,20,2019.11.13 13:10,101,(구)합정동 주민센터,4,5,1200
388,SPB-13934,2019.11.13 18:00,106,합정역 7번출구 앞,4,2019.11.13 18:06,101,(구)합정동 주민센터,2,5,860
389,SPB-17924,2019.11.13 18:33,148,용강동 주민센터 앞,1,2019.11.13 19:08,101,(구)합정동 주민센터,2,34,690
390,SPB-11626,2019.11.13 18:55,267,삼성화재 사옥 옆,3,2019.11.13 19:08,101,(구)합정동 주민센터,5,12,2060
391,SPB-10061,2019.11.13 21:53,106,합정역 7번출구 앞,8,2019.11.13 22:00,101,(구)합정동 주민센터,3,6,910
392,SPB-17924,2019.11.13 21:51,152,마포구민체육센터 앞,19,2019.11.13 22:01,101,(구)합정동 주민센터,2,9,1420
393,SPB-19322,2019.11.13 21:23,101,(구)합정동 주민센터,3,2019.11.13 22:40,101,(구)합정동 주민센터,1,71,1940
394,SPB-24072,2019.11.13 22:17,826,서울역 서부교차로2,20,2019.11.13 22:45,101,(구)합정동 주민센터,2,26,6130
395,SPB-22075,2019.11.13 23:48,103,망원역 2번출구 앞,4,2019.11.13 23:53,101,(구)합정동 주민센터,1,5,760
396,SPB-05410,2019.11.14 03:20,106,합정역 7번출구 앞,1,2019.11.14 03:24,101,(구)합정동 주민센터,1,3,830
397,SPB-09193,2019.11.14 09:04,203,국회의사당역 3번출구 옆,1,2019.11.14 09:28,101,(구)합정동 주민센터,4,21,4340
398,SPB-07205,2019.11.14 12:07,1160,양천향교역 7번출구앞,1,2019.11.14 12:55,101,(구)합정동 주민센터,1,47,10260
399,SPB-07247,2019.11.14 16:13,148,용강동 주민센터 앞,11,2019.11.14 17:05,101,(구)합정동 주민센터,4,52,7420
400,SPB-15391,2019.11.14 17:14,113,홍대입구역 2번출구 앞,22,2019.11.14 17:29,101,(구)합정동 주민센터,1,14,2290
401,SPB-18517,2019.11.14 18:40,104,합정역 1번출구 앞,1,2019.11.14 18:48,101,(구)합정동 주민센터,4,8,990
402,SPB-12442,2019.11.14 18:25,226,샛강역 1번출구 앞,15,2019.11.14 19:16,101,(구)합정동 주민센터,3,49,6340
403,SPB-11712,2019.11.14 19:19,104,합정역 1번출구 앞,8,2019.11.14 19:25,101,(구)합정동 주민센터,1,5,890
404,SPB-23012,2019.11.14 19:53,267,삼성화재 사옥 옆,2,2019.11.14 20:05,101,(구)합정동 주민센터,2,12,2350
405,SPB-16711,2019.11.14 20:41,151,망원1동주민센터,2,2019.11.14 20:48,101,(구)합정동 주민센터,4,6,1040
406,SPB-23793,2019.11.14 21:43,826,서울역 서부교차로2,18,2019.11.14 22:10,101,(구)합정동 주민센터,5,25,6320
407,SPB-23154,2019.11.14 22:05,106,합정역 7번출구 앞,10,2019.11.14 22:11,101,(구)합정동 주민센터,5,5,510
408,SPB-07283,2019.11.14 22:15,152,마포구민체육센터 앞,17,2019.11.14 22:26,101,(구)합정동 주민센터,1,11,0
409,SPB-10593,2019.11.14 23:29,106,합정역 7번출구 앞,5,2019.11.14 23:40,101,(구)합정동 주민센터,4,10,760
410,SPB-18614,2019.11.14 23:07,391,정동길입구,5,2019.11.14 23:49,101,(구)합정동 주민센터,3,40,7510
411,SPB-24467,2019.11.15 01:04,103,망원역 2번출구 앞,3,2019.11.15 01:10,101,(구)합정동 주민센터,1,5,770
412,SPB-13450,2019.11.15 02:22,151,망원1동주민센터,10,2019.11.15 02:27,101,(구)합정동 주민센터,2,4,1070
413,SPB-25161,2019.11.15 03:13,106,합정역 7번출구 앞,6,2019.11.15 03:18,101,(구)합정동 주민센터,1,3,640
414,SPB-24515,2019.11.15 03:58,112,극동방송국 앞,1,2019.11.15 04:08,101,(구)합정동 주민센터,1,9,1620
415,SPB-12116,2019.11.15 04:22,112,극동방송국 앞,5,2019.11.15 04:33,101,(구)합정동 주민센터,1,11,2200
416,SPB-17768,2019.11.15 09:31,103,망원역 2번출구 앞,14,2019.11.15 09:37,101,(구)합정동 주민센터,1,5,1050
417,SPB-18841,2019.11.15 20:40,113,홍대입구역 2번출구 앞,24,2019.11.15 20:53,101,(구)합정동 주민센터,1,12,2280
418,SPB-24467,2019.11.15 21:55,152,마포구민체육센터 앞,18,2019.11.15 22:05,101,(구)합정동 주민센터,1,10,1180
419,SPB-17570,2019.11.15 22:16,391,정동길입구,7,2019.11.15 23:04,101,(구)합정동 주민센터,5,48,8100
