자전거번호,대여일시,대여 대여소번호,대여 대여소명,대여거치대,반납일시,반납대여소번호,반납대여소명,반납거치대,이용시간,이용거리
SPB-23220,2019.11.1 08:48,00646,장한평역 1번출구 (국민은행앞),3,2019.11.1 09:01,00003,중랑센터,7,12,1100
SPB-16216,2019.11.4 08:38,00646,장한평역 1번출구 (국민은행앞),2,2019.11.4 08:56,00003,중랑센터,2,7,1420
SPB-21097,2019.11.4 08:46,00646,장한평역 1번출구 (국민은행앞),1,2019.11.4 08:57,00003,중랑센터,7,10,1020
SPB-22292,2019.11.5 08:34,00646,장한평역 1번출구 (국민은행앞),1,2019.11.5 08:45,00003,중랑센터,2,10,1380
SPB-07935,2019.11.5 12:29,00512,뚝섬역 1번 출구 옆,11,2019.11.5 12:39,00003,중랑센터,7,10,1650
SPB-18401,2019.11.6 08:52,00646,장한평역 1번출구 (국민은행앞),1,2019.11.6 09:09,00003,중랑센터,7,11,1350
SPB-18350,2019.11.6 08:35,00646,장한평역 1번출구 (국민은행앞),1,2019.11.6 09:10,00003,중랑센터,2,9,1390
SPB-11557,2019.11.8 14:52,00003,중랑센터,7,2019.11.8 15:40,00003,중랑센터,7,47,0
SPB-20220,2019.11.11 08:35,00646,장한평역 1번출구 (국민은행앞),2,2019.11.11 08:42,00003,중랑센터,2,6,1160
SPB-20102,2019.11.11 09:45,00646,장한평역 1번출구 (국민은행앞),8,2019.11.11 10:17,00003,중랑센터,7,30,1060
SPB-10000,2019.11.12 08:35,00646,장한평역 1번출구 (국민은행앞),8,2019.11.12 08:44,00003,중랑센터,2,8,1300
SPB-20145,2019.11.13 08:30,00646,장한평역 1번출구 (국민은행앞),9,2019.11.13 08:38,00003,중랑센터,2,7,1060
SPB-19057,2019.11.13 08:55,00646,장한평역 1번출구 (국민은행앞),4,2019.11.13 09:08,00003,중랑센터,7,11,1120
SPB-19645,2019.11.14 09:44,00646,장한평역 1번출구 (국민은행앞),5,2019.11.14 10:01,00003,중랑센터,7,16,1140
SPB-21851,2019.11.14 09:33,00646,장한평역 1번출구 (국민은행앞),10,2019.11.14 10:02,00003,중랑센터,2,28,1220
SPB-13973,2019.11.15 08:42,00646,장한평역 1번출구 (국민은행앞),1,2019.11.15 08:50,00003,중랑센터,2,6,1370
SPB-22311,2019.11.18 08:32,00646,장한평역 1번출구 (국민은행앞),6,2019.11.18 08:39,00003,중랑센터,2,6,1350
SPB-02270,2019.11.18 08:49,00646,장한평역 1번출구 (국민은행앞),4,2019.11.18 09:01,00003,중랑센터,7,11,1350
SPB-23659,2019.11.21 08:36,00646,장한평역 1번출구 (국민은행앞),1,2019.11.21 08:44,00003,중랑센터,2,6,1130
SPB-23497,2019.11.21 08:50,00646,장한평역 1번출구 (국민은행앞),2,2019.11.21 09:04,00003,중랑센터,7,13,1330
SPB-21925,2019.11.22 08:49,00529,장한평역 8번 출구 앞,5,2019.11.22 09:04,00003,중랑센터,7,13,1030
SPB-21810,2019.11.25 08:41,00646,장한평역 1번출구 (국민은행앞),5,2019.11.25 08:49,00003,중랑센터,2,7,1310
SPB-05857,2019.11.26 08:40,00646,장한평역 1번출구 (국민은행앞),6,2019.11.26 08:48,00003,중랑센터,2,7,1380
SPB-19256,2019.11.26 10:20,00003,중랑센터,7,2019.11.26 10:24,00003,중랑센터,7,3,0
SPB-20076,2019.11.28 08:37,00646,장한평역 1번출구 (국민은행앞),6,2019.11.28 08:44,00003,중랑센터,2,5,1070
SPB-19643,2019.11.6 08:43,00419,홈플러스 앞,3,2019.11.6 09:26,00005,상암센터 정비실,5,42,450
SPB-15211,2019.11.15 08:42,00419,홈플러스 앞,18,2019.11.15 09:16,00005,상암센터 정비실,5,33,550
SPB-24468,2019.11.22 08:36,00911,은평평화공원(역촌역4번출구),10,2019.11.22 08:58,00005,상암센터 정비실,6,20,5170
SPB-09287,2019.11.26 08:36,00911,은평평화공원(역촌역4번출구),4,2019.11.26 09:21,00005,상암센터 정비실,6,42,5800
SPB-21611,2019.11.27 08:34,00911,은평평화공원(역촌역4번출구),7,2019.11.27 08:55,00005,상암센터 정비실,6,19,5350
SPB-20840,2019.11.28 08:32,00419,홈플러스 앞,1,2019.11.28 08:35,00005,상암센터 정비실,5,3,280
SPB-05354,2019.11.28 08:31,00911,은평평화공원(역촌역4번출구),10,2019.11.28 08:54,00005,상암센터 정비실,6,22,5410
SPB-21142,2019.11.29 08:28,00911,은평평화공원(역촌역4번출구),3,2019.11.29 08:51,00005,상암센터 정비실,6,21,5260
SPB-18368,2019.11.1 00:28,00108,서교동 사거리,10,2019.11.1 00:41,00101,(구)합정동 주민센터,5,11,1520
SPB-07827,2019.11.1 01:21,00199,서울 월드컵 경기장,11,2019.11.1 01:36,00101,(구)합정동 주민센터,1,13,2840
SPB-13046,2019.11.1 02:13,00102,망원역 1번출구 앞,11,2019.11.1 02:20,00101,(구)합정동 주민센터,1,7,1170
SPB-13046,2019.11.1 02:21,00101,(구)합정동 주민센터,1,2019.11.1 02:30,00101,(구)합정동 주민센터,1,9,950
SPB-14246,2019.11.1 02:21,00120,신수동 사거리,5,2019.11.1 02:45,00101,(구)합정동 주민센터,2,23,3330
SPB-11282,2019.11.1 03:30,00106,합정역 7번출구 앞,5,2019.11.1 03:39,00101,(구)합정동 주민센터,1,8,590
SPB-07875,2019.11.1 06:43,00421,마포구청 앞,5,2019.11.1 06:55,00101,(구)합정동 주민센터,3,11,1920
SPB-25272,2019.11.1 08:13,00956,응암시장교차로,5,2019.11.1 08:42,00101,(구)합정동 주민센터,5,27,6670
SPB-19505,2019.11.1 09:50,00104,합정역 1번출구 앞,1,2019.11.1 10:03,00101,(구)합정동 주민센터,3,12,1220
SPB-13046,2019.11.1 10:35,00101,(구)합정동 주민센터,2,2019.11.1 10:37,00101,(구)합정동 주민센터,3,2,20
SPB-11488,2019.11.1 12:02,00103,망원역 2번출구 앞,12,2019.11.1 12:09,00101,(구)합정동 주민센터,1,6,1010
SPB-14142,2019.11.1 13:06,00152,마포구민체육센터 앞,27,2019.11.1 13:12,00101,(구)합정동 주민센터,5,6,1190
SPB-11221,2019.11.1 13:59,00125,서강대 남문 옆,10,2019.11.1 14:24,00101,(구)합정동 주민센터,5,24,4940
SPB-01182,2019.11.1 15:08,00113,홍대입구역 2번출구 앞,24,2019.11.1 15:22,00101,(구)합정동 주민센터,4,13,2300
SPB-11637,2019.11.1 15:35,00103,망원역 2번출구 앞,4,2019.11.1 15:41,00101,(구)합정동 주민센터,2,5,1110
SPB-17056,2019.11.1 16:54,00106,합정역 7번출구 앞,7,2019.11.1 17:01,00101,(구)합정동 주민센터,5,6,830
SPB-17169,2019.11.1 18:32,00148,용강동 주민센터 앞,2,2019.11.1 19:05,00101,(구)합정동 주민센터,2,32,5440
SPB-03131,2019.11.1 18:34,00226,샛강역 1번출구 앞,14,2019.11.1 19:10,00101,(구)합정동 주민센터,1,35,6890
SPB-00122,2019.11.1 18:55,00113,홍대입구역 2번출구 앞,25,2019.11.1 19:14,00101,(구)합정동 주민센터,3,19,2790
SPB-15851,2019.11.1 19:15,00128,신촌역(2호선) 1번출구 옆,18,2019.11.1 19:34,00101,(구)합정동 주민센터,1,18,3750
SPB-05526,2019.11.1 19:39,00106,합정역 7번출구 앞,4,2019.11.1 19:46,00101,(구)합정동 주민센터,2,6,920
SPB-03131,2019.11.1 19:44,00106,합정역 7번출구 앞,4,2019.11.1 19:48,00101,(구)합정동 주민센터,1,3,890
SPB-05526,2019.11.1 19:50,00101,(구)합정동 주민센터,2,2019.11.1 20:03,00101,(구)합정동 주민센터,4,12,1570
SPB-06179,2019.11.1 20:13,00267,삼성화재 사옥 옆,1,2019.11.1 20:26,00101,(구)합정동 주민센터,2,12,2380
SPB-07887,2019.11.1 20:22,00104,합정역 1번출구 앞,6,2019.11.1 20:30,00101,(구)합정동 주민센터,3,7,770
SPB-08747,2019.11.1 20:37,00115,사루비아 빌딩 앞,15,2019.11.1 20:53,00101,(구)합정동 주민센터,5,16,2670
SPB-21427,2019.11.1 20:50,00826,서울역 서부교차로2,20,2019.11.1 21:19,00101,(구)합정동 주민센터,5,27,6100
SPB-12849,2019.11.1 22:32,00102,망원역 1번출구 앞,7,2019.11.1 22:40,00101,(구)합정동 주민센터,1,7,1120
SPB-12120,2019.11.1 22:23,00391,정동길입구,4,2019.11.1 23:02,00101,(구)합정동 주민센터,3,38,6330
SPB-12825,2019.11.1 23:45,00103,망원역 2번출구 앞,7,2019.11.1 23:51,00101,(구)합정동 주민센터,1,5,790
SPB-06785,2019.11.2 00:32,00105,합정역 5번출구 앞,1,2019.11.2 00:47,00101,(구)합정동 주민센터,5,14,1360
SPB-15349,2019.11.2 01:14,00104,합정역 1번출구 앞,3,2019.11.2 01:20,00101,(구)합정동 주민센터,1,5,1040
SPB-24484,2019.11.2 01:19,00137,NH농협 신촌지점 앞,4,2019.11.2 01:35,00101,(구)합정동 주민센터,3,16,3840
SPB-11364,2019.11.2 02:17,00154,마포구청역,2,2019.11.2 02:26,00101,(구)합정동 주민센터,5,9,1630
SPB-07767,2019.11.2 02:52,00115,사루비아 빌딩 앞,4,2019.11.2 03:08,00101,(구)합정동 주민센터,5,14,1710
SPB-16514,2019.11.2 05:11,00106,합정역 7번출구 앞,2,2019.11.2 05:18,00101,(구)합정동 주민센터,1,6,820
SPB-25390,2019.11.2 10:49,00409,누리꿈스퀘어 옆,14,2019.11.2 11:36,00101,(구)합정동 주민센터,1,46,6980
SPB-08265,2019.11.2 14:24,00104,합정역 1번출구 앞,2,2019.11.2 14:53,00101,(구)합정동 주민센터,1,28,2210
SPB-24767,2019.11.2 14:54,00106,합정역 7번출구 앞,6,2019.11.2 15:21,00101,(구)합정동 주민센터,4,27,810
SPB-01372,2019.11.2 15:34,00104,합정역 1번출구 앞,11,2019.11.2 15:43,00101,(구)합정동 주민센터,2,8,1230
SPB-04854,2019.11.2 14:07,00104,합정역 1번출구 앞,5,2019.11.2 15:54,00101,(구)합정동 주민센터,5,106,3110
SPB-21518,2019.11.2 16:00,00116,일진아이윌아파트 옆,3,2019.11.2 16:49,00101,(구)합정동 주민센터,3,46,3980
SPB-22668,2019.11.2 16:02,00116,일진아이윌아파트 옆,3,2019.11.2 16:50,00101,(구)합정동 주민센터,4,46,42070
SPB-07402,2019.11.2 16:45,00151,망원1동주민센터,1,2019.11.2 16:59,00101,(구)합정동 주민센터,3,13,1250
SPB-10270,2019.11.2 16:41,00151,망원1동주민센터,2,2019.11.2 16:59,00101,(구)합정동 주민센터,4,16,1080
SPB-18146,2019.11.2 17:20,00826,서울역 서부교차로2,14,2019.11.2 17:51,00101,(구)합정동 주민센터,5,30,6930
SPB-24483,2019.11.2 17:29,00272,당산육갑문,3,2019.11.2 17:58,00101,(구)합정동 주민센터,2,28,4680
SPB-22746,2019.11.2 18:03,00115,사루비아 빌딩 앞,9,2019.11.2 18:17,00101,(구)합정동 주민센터,2,13,2210
SPB-08676,2019.11.2 18:25,00108,서교동 사거리,4,2019.11.2 18:48,00101,(구)합정동 주민센터,1,20,2570
SPB-07205,2019.11.2 18:30,00175,홍연2교옆,18,2019.11.2 18:52,00101,(구)합정동 주민센터,1,21,6750
SPB-08676,2019.11.2 18:51,00101,(구)합정동 주민센터,1,2019.11.2 19:11,00101,(구)합정동 주민센터,1,17,1320
SPB-07205,2019.11.2 20:24,00101,(구)합정동 주민센터,1,2019.11.2 20:41,00101,(구)합정동 주민센터,1,16,1470
SPB-07402,2019.11.2 19:54,00101,(구)합정동 주민센터,3,2019.11.2 21:01,00101,(구)합정동 주민센터,4,65,2280
SPB-04854,2019.11.2 19:52,00101,(구)합정동 주민센터,5,2019.11.2 21:01,00101,(구)합정동 주민센터,2,68,2300
SPB-08676,2019.11.2 19:53,00101,(구)합정동 주민센터,1,2019.11.2 21:13,00101,(구)합정동 주민센터,1,69,2230
SPB-12120,2019.11.2 20:30,00419,홈플러스 앞,15,2019.11.2 21:14,00101,(구)합정동 주민센터,5,44,4200
SPB-03614,2019.11.2 20:28,00419,홈플러스 앞,13,2019.11.2 21:15,00101,(구)합정동 주민센터,3,46,5720
SPB-06590,2019.11.2 21:00,00182,망원2빗물펌프장 앞,2,2019.11.2 21:23,00101,(구)합정동 주민센터,1,22,2580
SPB-07497,2019.11.2 21:22,03102,연희삼거리,9,2019.11.2 21:41,00101,(구)합정동 주민센터,5,17,3410
SPB-22287,2019.11.2 22:56,00112,극동방송국 앞,2,2019.11.2 23:09,00101,(구)합정동 주민센터,2,12,1610
SPB-23827,2019.11.2 23:14,00113,홍대입구역 2번출구 앞,11,2019.11.2 23:26,00101,(구)합정동 주민센터,3,11,1850
SPB-11003,2019.11.2 23:45,00102,망원역 1번출구 앞,9,2019.11.2 23:52,00101,(구)합정동 주민센터,2,6,970
SPB-09782,2019.11.2 23:35,00129,신촌역(2호선) 6번출구 옆,2,2019.11.2 23:55,00101,(구)합정동 주민센터,5,18,3080
SPB-17282,2019.11.2 23:56,00113,홍대입구역 2번출구 앞,11,2019.11.3 00:07,00101,(구)합정동 주민센터,3,11,2270
SPB-22781,2019.11.2 23:26,00113,홍대입구역 2번출구 앞,10,2019.11.3 00:09,00101,(구)합정동 주민센터,5,42,4630
SPB-11651,2019.11.2 23:54,00228,선유도역 3번출구 앞,8,2019.11.3 00:09,00101,(구)합정동 주민센터,3,15,2290
SPB-17117,2019.11.3 00:08,00102,망원역 1번출구 앞,10,2019.11.3 00:17,00101,(구)합정동 주민센터,2,9,1110
SPB-22287,2019.11.3 08:56,00101,(구)합정동 주민센터,2,2019.11.3 09:28,00101,(구)합정동 주민센터,1,30,1410
SPB-01372,2019.11.3 09:48,00182,망원2빗물펌프장 앞,7,2019.11.3 10:48,00101,(구)합정동 주민센터,4,59,4370
SPB-15238,2019.11.3 10:29,00139,연세대 정문 건너편,12,2019.11.3 10:53,00101,(구)합정동 주민센터,2,24,3820
SPB-10191,2019.11.3 11:56,00105,합정역 5번출구 앞,5,2019.11.3 12:35,00101,(구)합정동 주민센터,4,38,1610
SPB-10735,2019.11.3 12:15,00106,합정역 7번출구 앞,10,2019.11.3 12:41,00101,(구)합정동 주민센터,1,25,2180
SPB-07497,2019.11.3 12:46,00151,망원1동주민센터,4,2019.11.3 12:54,00101,(구)합정동 주민센터,5,7,1080
SPB-05156,2019.11.3 14:04,00103,망원역 2번출구 앞,8,2019.11.3 14:40,00101,(구)합정동 주민센터,5,35,1140
SPB-23965,2019.11.3 14:39,00152,마포구민체육센터 앞,28,2019.11.3 14:46,00101,(구)합정동 주민센터,1,6,1100
SPB-21140,2019.11.3 15:38,00104,합정역 1번출구 앞,10,2019.11.3 15:46,00101,(구)합정동 주민센터,1,7,0
SPB-21140,2019.11.3 16:09,00106,합정역 7번출구 앞,9,2019.11.3 16:14,00101,(구)합정동 주민센터,2,4,0
SPB-18241,2019.11.3 14:26,02103,신림동 우방아파트,3,2019.11.3 16:27,00101,(구)합정동 주민센터,4,121,17060
SPB-14209,2019.11.3 14:26,02103,신림동 우방아파트,1,2019.11.3 16:28,00101,(구)합정동 주민센터,1,121,16910
SPB-06227,2019.11.3 16:27,00151,망원1동주민센터,8,2019.11.3 16:34,00101,(구)합정동 주민센터,3,6,1170
SPB-16593,2019.11.3 17:16,00106,합정역 7번출구 앞,1,2019.11.3 18:11,00101,(구)합정동 주민센터,5,54,860
SPB-18241,2019.11.3 17:45,00101,(구)합정동 주민센터,4,2019.11.3 18:12,00101,(구)합정동 주민센터,4,26,2560
SPB-20935,2019.11.3 18:09,00183,하늘채코오롱아파트 건너편,13,2019.11.3 18:29,00101,(구)합정동 주민센터,1,18,2700
SPB-17422,2019.11.3 19:34,00151,망원1동주민센터,9,2019.11.3 19:48,00101,(구)합정동 주민센터,1,13,1050
SPB-06227,2019.11.3 19:35,00151,망원1동주민센터,8,2019.11.3 19:48,00101,(구)합정동 주민센터,3,12,1060
SPB-14926,2019.11.3 19:46,00106,합정역 7번출구 앞,6,2019.11.3 19:53,00101,(구)합정동 주민센터,5,6,910
SPB-15011,2019.11.3 19:53,00182,망원2빗물펌프장 앞,4,2019.11.3 20:31,00101,(구)합정동 주민센터,4,37,4240
SPB-24564,2019.11.3 19:24,00182,망원2빗물펌프장 앞,3,2019.11.3 20:38,00101,(구)합정동 주민센터,1,72,8530
SPB-21795,2019.11.3 20:59,00106,합정역 7번출구 앞,8,2019.11.3 21:04,00101,(구)합정동 주민센터,3,5,450
SPB-12801,2019.11.3 21:15,00114,홍대입구역 8번출구 앞,3,2019.11.3 21:33,00101,(구)합정동 주민센터,1,16,1940
SPB-22075,2019.11.3 21:50,00152,마포구민체육센터 앞,1,2019.11.3 21:57,00101,(구)합정동 주민센터,1,6,970
SPB-07429,2019.11.3 21:39,00440,하늘공원 입구,5,2019.11.3 22:06,00101,(구)합정동 주민센터,2,25,4030
SPB-14782,2019.11.3 22:17,00184,SK망원동주유소 건너편,1,2019.11.3 22:26,00101,(구)합정동 주민센터,1,8,1490
SPB-18241,2019.11.3 22:31,00196,연희교차로 인근,1,2019.11.3 22:58,00101,(구)합정동 주민센터,5,26,4430
SPB-21795,2019.11.3 22:56,00101,(구)합정동 주민센터,3,2019.11.3 23:02,00101,(구)합정동 주민센터,2,5,280
SPB-03349,2019.11.3 23:03,00124,서강대 정문 건너편,5,2019.11.3 23:23,00101,(구)합정동 주민센터,3,19,3470
SPB-22403,2019.11.3 23:45,00119,서강나루 공원,10,2019.11.3 23:59,00101,(구)합정동 주민센터,5,12,1530
SPB-18241,2019.11.3 23:45,00101,(구)합정동 주민센터,5,2019.11.4 00:16,00101,(구)합정동 주민센터,5,30,3810
SPB-24421,2019.11.4 00:01,00419,홈플러스 앞,11,2019.11.4 00:29,00101,(구)합정동 주민센터,5,27,3540
SPB-24856,2019.11.4 00:05,00419,홈플러스 앞,14,2019.11.4 00:29,00101,(구)합정동 주민센터,1,22,4250
SPB-01878,2019.11.4 00:03,00419,홈플러스 앞,15,2019.11.4 00:29,00101,(구)합정동 주민센터,1,25,4450
SPB-07435,2019.11.4 02:08,00151,망원1동주민센터,7,2019.11.4 02:14,00101,(구)합정동 주민센터,3,5,700
SPB-24875,2019.11.4 03:56,00264,교보생명보험 앞,3,2019.11.4 04:12,00101,(구)합정동 주민센터,1,15,3320
SPB-01717,2019.11.4 09:09,00438,성산2-1 공영주차장,1,2019.11.4 09:26,00101,(구)합정동 주민센터,4,15,3900
SPB-06287,2019.11.4 09:05,00203,국회의사당역 3번출구 옆,1,2019.11.4 09:28,00101,(구)합정동 주민센터,3,22,5020
SPB-15658,2019.11.4 10:08,00228,선유도역 3번출구 앞,6,2019.11.4 10:28,00101,(구)합정동 주민센터,5,20,2860
SPB-15658,2019.11.4 11:03,00101,(구)합정동 주민센터,5,2019.11.4 12:27,00101,(구)합정동 주민센터,4,83,3850
SPB-15658,2019.11.4 12:38,00101,(구)합정동 주민센터,4,2019.11.4 12:53,00101,(구)합정동 주민센터,2,14,2590
SPB-22075,2019.11.4 12:25,00101,(구)합정동 주민센터,1,2019.11.4 12:54,00101,(구)합정동 주민센터,5,27,490
SPB-15142,2019.11.4 12:33,00152,마포구민체육센터 앞,23,2019.11.4 13:17,00101,(구)합정동 주민센터,4,44,0
SPB-24564,2019.11.4 14:47,00101,(구)합정동 주민센터,1,2019.11.4 15:27,00101,(구)합정동 주민센터,1,39,3300
SPB-19967,2019.11.4 15:01,00102,망원역 1번출구 앞,11,2019.11.4 15:30,00101,(구)합정동 주민센터,3,27,2010
SPB-00069,2019.11.4 15:01,00102,망원역 1번출구 앞,12,2019.11.4 15:30,00101,(구)합정동 주민센터,4,28,1940
SPB-17778,2019.11.4 15:23,00184,SK망원동주유소 건너편,9,2019.11.4 15:34,00101,(구)합정동 주민센터,5,11,1700
SPB-17778,2019.11.4 17:16,00101,(구)합정동 주민센터,5,2019.11.4 17:41,00101,(구)합정동 주민센터,1,24,1750
SPB-24758,2019.11.4 17:59,00106,합정역 7번출구 앞,7,2019.11.4 18:20,00101,(구)합정동 주민센터,5,20,1130
SPB-20844,2019.11.4 17:55,00115,사루비아 빌딩 앞,3,2019.11.4 18:21,00101,(구)합정동 주민센터,1,24,3110
SPB-23976,2019.11.4 18:00,00129,신촌역(2호선) 6번출구 옆,9,2019.11.4 18:27,00101,(구)합정동 주민센터,3,25,3350
SPB-05001,2019.11.4 18:23,00102,망원역 1번출구 앞,19,2019.11.4 18:30,00101,(구)합정동 주민센터,2,6,1180
SPB-12291,2019.11.4 18:10,00409,누리꿈스퀘어 옆,1,2019.11.4 18:34,00101,(구)합정동 주민센터,4,23,4660
SPB-02431,2019.11.4 18:18,00148,용강동 주민센터 앞,1,2019.11.4 18:45,00101,(구)합정동 주민센터,1,27,5510
SPB-08458,2019.11.4 18:44,00108,서교동 사거리,5,2019.11.4 19:03,00101,(구)합정동 주민센터,2,18,2100
SPB-13180,2019.11.4 18:45,00108,서교동 사거리,4,2019.11.4 19:03,00101,(구)합정동 주민센터,1,17,1590
SPB-22308,2019.11.4 19:39,00106,합정역 7번출구 앞,8,2019.11.4 19:46,00101,(구)합정동 주민센터,4,6,910
SPB-23976,2019.11.4 19:15,00101,(구)합정동 주민센터,3,2019.11.4 19:46,00101,(구)합정동 주민센터,3,30,2120
SPB-04641,2019.11.4 19:52,00105,합정역 5번출구 앞,2,2019.11.4 19:59,00101,(구)합정동 주민센터,3,6,1020
SPB-14959,2019.11.4 19:55,00151,망원1동주민센터,4,2019.11.4 20:54,00101,(구)합정동 주민센터,2,57,5200
SPB-16645,2019.11.4 21:07,00826,서울역 서부교차로2,18,2019.11.4 21:33,00101,(구)합정동 주민센터,2,26,6850
SPB-04641,2019.11.4 21:33,00101,(구)합정동 주민센터,3,2019.11.4 21:42,00101,(구)합정동 주민센터,1,8,0
SPB-12220,2019.11.4 21:41,00432,마포중앙도서관,1,2019.11.4 21:52,00101,(구)합정동 주민센터,3,9,1840
SPB-13543,2019.11.4 21:19,00121,마포소방서 앞,14,2019.11.4 22:06,00101,(구)합정동 주민센터,1,47,3430
SPB-06676,2019.11.4 22:04,00151,망원1동주민센터,5,2019.11.4 22:12,00101,(구)합정동 주민센터,1,6,1040
SPB-23824,2019.11.4 22:18,00104,합정역 1번출구 앞,2,2019.11.4 22:23,00101,(구)합정동 주민센터,5,5,780
SPB-24084,2019.11.4 22:23,00103,망원역 2번출구 앞,4,2019.11.4 22:40,00101,(구)합정동 주민센터,1,15,750
SPB-11840,2019.11.4 22:40,00104,합정역 1번출구 앞,7,2019.11.4 22:47,00101,(구)합정동 주민센터,5,7,870
SPB-08884,2019.11.4 22:40,00104,합정역 1번출구 앞,1,2019.11.4 22:47,00101,(구)합정동 주민센터,1,7,1120
SPB-22099,2019.11.4 22:33,00128,신촌역(2호선) 1번출구 옆,6,2019.11.4 22:52,00101,(구)합정동 주민센터,3,18,3010
SPB-22641,2019.11.4 22:26,00391,정동길입구,5,2019.11.4 23:10,00101,(구)합정동 주민센터,2,43,6340
SPB-09543,2019.11.4 23:32,00102,망원역 1번출구 앞,8,2019.11.4 23:42,00101,(구)합정동 주민센터,1,9,1140
SPB-14426,2019.11.5 00:08,00109,제일빌딩 앞,10,2019.11.5 00:16,00101,(구)합정동 주민센터,1,7,1410
SPB-06938,2019.11.5 00:37,00306,광화문역 7번출구 앞,4,2019.11.5 01:11,00101,(구)합정동 주민센터,4,34,8160
SPB-07062,2019.11.5 01:21,00151,망원1동주민센터,10,2019.11.5 01:27,00101,(구)합정동 주민센터,3,5,1050
SPB-12641,2019.11.5 01:34,00102,망원역 1번출구 앞,12,2019.11.5 01:41,00101,(구)합정동 주민센터,3,6,1110
SPB-23475,2019.11.5 01:49,00103,망원역 2번출구 앞,13,2019.11.5 01:55,00101,(구)합정동 주민센터,1,5,740
SPB-22450,2019.11.5 02:06,00106,합정역 7번출구 앞,4,2019.11.5 02:11,00101,(구)합정동 주민센터,3,5,480
SPB-13900,2019.11.5 09:16,00103,망원역 2번출구 앞,6,2019.11.5 09:23,00101,(구)합정동 주민센터,2,6,1060
SPB-14571,2019.11.5 09:09,00438,성산2-1 공영주차장,2,2019.11.5 09:27,00101,(구)합정동 주민센터,5,17,3880
SPB-14571,2019.11.5 09:52,00104,합정역 1번출구 앞,2,2019.11.5 09:57,00101,(구)합정동 주민센터,1,5,1130
SPB-13900,2019.11.5 09:43,00101,(구)합정동 주민센터,2,2019.11.5 10:27,00101,(구)합정동 주민센터,1,43,4810
SPB-02659,2019.11.5 11:44,00113,홍대입구역 2번출구 앞,25,2019.11.5 11:57,00101,(구)합정동 주민센터,1,12,1770
SPB-14784,2019.11.5 13:02,00152,마포구민체육센터 앞,21,2019.11.5 13:19,00101,(구)합정동 주민센터,5,17,1790
SPB-06274,2019.11.5 12:54,00102,망원역 1번출구 앞,15,2019.11.5 13:26,00101,(구)합정동 주민센터,4,32,2440
SPB-20864,2019.11.5 13:18,00111,상수역 2번출구 앞,10,2019.11.5 13:36,00101,(구)합정동 주민센터,1,16,3680
SPB-14919,2019.11.5 12:53,00181,망원초록길 입구,6,2019.11.5 13:46,00101,(구)합정동 주민센터,1,52,3780
SPB-05318,2019.11.5 13:35,00427,성산시영아파트,2,2019.11.5 13:51,00101,(구)합정동 주민센터,3,15,3210
SPB-06770,2019.11.5 13:32,00125,서강대 남문 옆,6,2019.11.5 13:53,00101,(구)합정동 주민센터,1,21,3570
SPB-12842,2019.11.5 15:30,00113,홍대입구역 2번출구 앞,22,2019.11.5 15:50,00101,(구)합정동 주민센터,4,18,1860
SPB-12842,2019.11.5 15:56,00101,(구)합정동 주민센터,4,2019.11.5 16:03,00101,(구)합정동 주민센터,2,6,700
SPB-03622,2019.11.5 16:35,00152,마포구민체육센터 앞,6,2019.11.5 16:43,00101,(구)합정동 주민센터,4,7,1160
SPB-18327,2019.11.5 16:49,00196,연희교차로 인근,8,2019.11.5 17:13,00101,(구)합정동 주민센터,5,22,4140
SPB-14886,2019.11.5 18:07,00104,합정역 1번출구 앞,2,2019.11.5 18:16,00101,(구)합정동 주민센터,3,8,1080
SPB-21192,2019.11.5 17:54,00203,국회의사당역 3번출구 옆,2,2019.11.5 18:18,00101,(구)합정동 주민센터,2,22,3940
SPB-20543,2019.11.5 18:07,00409,누리꿈스퀘어 옆,4,2019.11.5 18:32,00101,(구)합정동 주민센터,2,24,4220
SPB-20995,2019.11.5 18:13,00148,용강동 주민센터 앞,2,2019.11.5 18:41,00101,(구)합정동 주민센터,1,27,4560
SPB-23690,2019.11.5 18:41,00247,당산역 10번출구 앞,9,2019.11.5 18:59,00101,(구)합정동 주민센터,5,17,2930
SPB-25430,2019.11.5 18:14,00224,롯데캐슬 앞,17,2019.11.5 19:06,00101,(구)합정동 주민센터,4,49,7260
SPB-05808,2019.11.5 19:11,00410,상암중학교 옆,3,2019.11.5 19:32,00101,(구)합정동 주민센터,2,20,5500
SPB-11531,2019.11.5 19:41,00104,합정역 1번출구 앞,8,2019.11.5 19:50,00101,(구)합정동 주민센터,1,9,1090
SPB-11062,2019.11.5 20:20,00129,신촌역(2호선) 6번출구 옆,9,2019.11.5 20:51,00101,(구)합정동 주민센터,1,30,3170
SPB-03991,2019.11.5 20:34,00111,상수역 2번출구 앞,9,2019.11.5 21:03,00101,(구)합정동 주민센터,2,28,3980
SPB-05365,2019.11.5 21:06,00106,합정역 7번출구 앞,5,2019.11.5 21:13,00101,(구)합정동 주민센터,5,6,970
SPB-23327,2019.11.5 22:14,00391,정동길입구,2,2019.11.5 22:54,00101,(구)합정동 주민센터,5,37,7210
SPB-18099,2019.11.5 23:30,00102,망원역 1번출구 앞,20,2019.11.5 23:48,00101,(구)합정동 주민센터,1,17,1780
SPB-06638,2019.11.5 22:52,00413,상암월드컵파크 3단지 후문,8,2019.11.6 00:05,00101,(구)합정동 주민센터,1,73,6900
SPB-08746,2019.11.5 22:51,00413,상암월드컵파크 3단지 후문,2,2019.11.6 00:06,00101,(구)합정동 주민센터,4,74,6520
SPB-18099,2019.11.6 00:00,00101,(구)합정동 주민센터,1,2019.11.6 00:16,00101,(구)합정동 주민센터,4,15,1610
SPB-23690,2019.11.6 00:27,00106,합정역 7번출구 앞,4,2019.11.6 00:32,00101,(구)합정동 주민센터,1,5,710
SPB-19171,2019.11.6 01:42,00151,망원1동주민센터,10,2019.11.6 01:48,00101,(구)합정동 주민센터,5,5,1060
SPB-11997,2019.11.6 07:50,00956,응암시장교차로,9,2019.11.6 08:18,00101,(구)합정동 주민센터,4,28,6160
SPB-15978,2019.11.6 08:45,00103,망원역 2번출구 앞,14,2019.11.6 08:52,00101,(구)합정동 주민센터,4,6,1110
SPB-21502,2019.11.6 09:07,00103,망원역 2번출구 앞,8,2019.11.6 09:17,00101,(구)합정동 주민센터,2,9,950
SPB-04119,2019.11.6 09:49,00104,합정역 1번출구 앞,8,2019.11.6 09:56,00101,(구)합정동 주민센터,1,6,1140
SPB-19116,2019.11.6 10:36,00228,선유도역 3번출구 앞,9,2019.11.6 10:52,00101,(구)합정동 주민센터,4,16,3000
SPB-18670,2019.11.6 11:41,00113,홍대입구역 2번출구 앞,22,2019.11.6 11:54,00101,(구)합정동 주민센터,1,12,1990
SPB-25280,2019.11.6 10:35,00103,망원역 2번출구 앞,8,2019.11.6 12:24,00101,(구)합정동 주민센터,4,105,1050
SPB-16974,2019.11.6 15:44,00114,홍대입구역 8번출구 앞,13,2019.11.6 15:58,00101,(구)합정동 주민센터,5,13,0
SPB-04754,2019.11.6 16:08,00151,망원1동주민센터,2,2019.11.6 16:45,00101,(구)합정동 주민센터,5,36,2960
SPB-16815,2019.11.6 16:52,00106,합정역 7번출구 앞,2,2019.11.6 17:04,00101,(구)합정동 주민센터,2,11,920
SPB-06127,2019.11.6 16:06,01925,동양미래대학교 정문 옆,6,2019.11.6 17:09,00101,(구)합정동 주민센터,4,62,12610
SPB-23090,2019.11.6 17:09,00141,연대 대운동장 옆,10,2019.11.6 17:40,00101,(구)합정동 주민센터,3,30,3960
SPB-13851,2019.11.6 17:48,00152,마포구민체육센터 앞,18,2019.11.6 17:52,00101,(구)합정동 주민센터,1,4,1180
SPB-11422,2019.11.6 17:55,00205,산업은행 앞,17,2019.11.6 18:21,00101,(구)합정동 주민센터,2,25,4490
SPB-14445,2019.11.6 18:07,00409,누리꿈스퀘어 옆,2,2019.11.6 18:32,00101,(구)합정동 주민센터,1,25,5280
SPB-16104,2019.11.6 18:25,00104,합정역 1번출구 앞,5,2019.11.6 18:36,00101,(구)합정동 주민센터,5,10,1010
SPB-08739,2019.11.6 18:32,00115,사루비아 빌딩 앞,1,2019.11.6 18:46,00101,(구)합정동 주민센터,5,13,2590
SPB-17074,2019.11.6 18:33,00267,삼성화재 사옥 옆,2,2019.11.6 18:49,00101,(구)합정동 주민센터,2,14,2390
SPB-06190,2019.11.6 18:23,00226,샛강역 1번출구 앞,12,2019.11.6 18:50,00101,(구)합정동 주민센터,1,25,0
SPB-23204,2019.11.6 19:04,00408,LG CNS앞,12,2019.11.6 19:28,00101,(구)합정동 주민센터,3,24,4800
SPB-16810,2019.11.6 21:26,00152,마포구민체육센터 앞,25,2019.11.6 21:35,00101,(구)합정동 주민센터,5,9,1200
SPB-17708,2019.11.6 21:47,00826,서울역 서부교차로2,7,2019.11.6 22:16,00101,(구)합정동 주민센터,5,28,6800
SPB-06190,2019.11.6 22:11,00101,(구)합정동 주민센터,1,2019.11.6 22:27,00101,(구)합정동 주민센터,1,15,0
SPB-22624,2019.11.6 23:01,00103,망원역 2번출구 앞,4,2019.11.6 23:09,00101,(구)합정동 주민센터,5,6,760
SPB-18311,2019.11.6 23:35,00109,제일빌딩 앞,9,2019.11.6 23:45,00101,(구)합정동 주민센터,5,8,1500
SPB-16119,2019.11.7 02:27,00151,망원1동주민센터,6,2019.11.7 02:33,00101,(구)합정동 주민센터,2,5,1070
SPB-06454,2019.11.7 08:45,00102,망원역 1번출구 앞,9,2019.11.7 08:54,00101,(구)합정동 주민센터,5,9,1350
SPB-06454,2019.11.7 09:07,00103,망원역 2번출구 앞,4,2019.11.7 09:14,00101,(구)합정동 주민센터,3,5,1050
SPB-14547,2019.11.7 09:31,00152,마포구민체육센터 앞,1,2019.11.7 09:46,00101,(구)합정동 주민센터,4,13,0
SPB-15214,2019.11.7 09:44,00104,합정역 1번출구 앞,12,2019.11.7 09:49,00101,(구)합정동 주민센터,5,4,1210
SPB-09571,2019.11.7 09:45,00391,정동길입구,4,2019.11.7 09:55,00101,(구)합정동 주민센터,4,9,1110
SPB-22387,2019.11.7 09:49,00104,합정역 1번출구 앞,11,2019.11.7 10:00,00101,(구)합정동 주민센터,3,11,950
SPB-16422,2019.11.7 13:08,00152,마포구민체육센터 앞,28,2019.11.7 13:14,00101,(구)합정동 주민센터,5,5,1180
SPB-16551,2019.11.7 14:58,00421,마포구청 앞,8,2019.11.7 15:20,00101,(구)합정동 주민센터,5,21,2820
SPB-03243,2019.11.7 15:29,00113,홍대입구역 2번출구 앞,8,2019.11.7 15:40,00101,(구)합정동 주민센터,4,11,2310
SPB-22542,2019.11.7 15:59,00111,상수역 2번출구 앞,4,2019.11.7 16:11,00101,(구)합정동 주민센터,1,11,1580
SPB-06373,2019.11.7 16:02,00141,연대 대운동장 옆,4,2019.11.7 16:24,00101,(구)합정동 주민센터,1,21,0
SPB-21813,2019.11.7 16:33,00104,합정역 1번출구 앞,3,2019.11.7 16:40,00101,(구)합정동 주민센터,5,6,800
SPB-09682,2019.11.7 17:08,00183,하늘채코오롱아파트 건너편,6,2019.11.7 17:43,00101,(구)합정동 주민센터,5,34,3810
SPB-06588,2019.11.7 17:52,00203,국회의사당역 3번출구 옆,5,2019.11.7 18:18,00101,(구)합정동 주민센터,4,25,5010
SPB-24761,2019.11.7 18:44,00267,삼성화재 사옥 옆,2,2019.11.7 18:57,00101,(구)합정동 주민센터,1,12,2310
SPB-07514,2019.11.7 18:59,00225,앙카라공원 앞,2,2019.11.7 19:29,00101,(구)합정동 주민센터,5,29,5630
SPB-21357,2019.11.7 20:53,00104,합정역 1번출구 앞,9,2019.11.7 20:58,00101,(구)합정동 주민센터,3,4,790
SPB-23941,2019.11.7 21:12,00826,서울역 서부교차로2,17,2019.11.7 21:39,00101,(구)합정동 주민센터,3,27,6150
SPB-22061,2019.11.7 21:45,00106,합정역 7번출구 앞,2,2019.11.7 21:50,00101,(구)합정동 주민센터,1,4,760
SPB-14672,2019.11.7 21:47,00152,마포구민체육센터 앞,20,2019.11.7 21:57,00101,(구)합정동 주민센터,1,9,1190
SPB-03614,2019.11.7 21:40,00121,마포소방서 앞,13,2019.11.7 21:57,00101,(구)합정동 주민센터,2,16,2940
SPB-18541,2019.11.7 23:13,00108,서교동 사거리,9,2019.11.7 23:22,00101,(구)합정동 주민센터,5,8,1570
SPB-18245,2019.11.7 23:46,00103,망원역 2번출구 앞,14,2019.11.7 23:57,00101,(구)합정동 주민센터,2,10,1720
SPB-13596,2019.11.7 23:51,00103,망원역 2번출구 앞,9,2019.11.7 23:58,00101,(구)합정동 주민센터,1,6,1040
SPB-18883,2019.11.8 02:10,00151,망원1동주민센터,2,2019.11.8 02:20,00101,(구)합정동 주민센터,5,9,570
SPB-17059,2019.11.8 08:46,00103,망원역 2번출구 앞,7,2019.11.8 08:52,00101,(구)합정동 주민센터,5,6,1170
SPB-15960,2019.11.8 09:10,00103,망원역 2번출구 앞,1,2019.11.8 09:18,00101,(구)합정동 주민센터,4,8,1060
SPB-20868,2019.11.8 09:46,00104,합정역 1번출구 앞,8,2019.11.8 09:54,00101,(구)합정동 주민센터,4,7,990
SPB-08123,2019.11.8 11:42,00113,홍대입구역 2번출구 앞,19,2019.11.8 11:54,00101,(구)합정동 주민센터,3,11,2150
SPB-08123,2019.11.8 12:56,00101,(구)합정동 주민센터,3,2019.11.8 13:11,00101,(구)합정동 주민센터,3,13,1710
SPB-16032,2019.11.8 13:06,00152,마포구민체육센터 앞,30,2019.11.8 13:12,00101,(구)합정동 주민센터,5,5,1170
SPB-22576,2019.11.8 14:01,00421,마포구청 앞,1,2019.11.8 14:24,00101,(구)합정동 주민센터,1,22,3900
SPB-22660,2019.11.8 14:19,00111,상수역 2번출구 앞,6,2019.11.8 14:42,00101,(구)합정동 주민센터,2,21,1770
SPB-08123,2019.11.8 14:28,00101,(구)합정동 주민센터,3,2019.11.8 14:43,00101,(구)합정동 주민센터,3,14,1870
SPB-07062,2019.11.8 15:32,00113,홍대입구역 2번출구 앞,21,2019.11.8 15:57,00101,(구)합정동 주민센터,3,24,2310
SPB-08123,2019.11.8 15:34,00101,(구)합정동 주민센터,3,2019.11.8 16:18,00101,(구)합정동 주민센터,5,43,5330
SPB-06693,2019.11.8 15:42,00154,마포구청역,6,2019.11.8 16:37,00101,(구)합정동 주민센터,1,54,2820
SPB-02367,2019.11.8 17:31,00106,합정역 7번출구 앞,6,2019.11.8 17:38,00101,(구)합정동 주민센터,2,6,1030
SPB-21790,2019.11.8 16:53,00186,월드컵공원,30,2019.11.8 17:39,00101,(구)합정동 주민센터,1,45,3580
SPB-22365,2019.11.8 18:18,00148,용강동 주민센터 앞,1,2019.11.8 18:49,00101,(구)합정동 주민센터,5,29,4790
SPB-08399,2019.11.8 18:47,00432,마포중앙도서관,4,2019.11.8 19:00,00101,(구)합정동 주민센터,3,12,2000
SPB-23798,2019.11.8 19:13,00106,합정역 7번출구 앞,2,2019.11.8 19:27,00101,(구)합정동 주민센터,1,12,440
SPB-14276,2019.11.8 19:07,00410,상암중학교 옆,4,2019.11.8 19:33,00101,(구)합정동 주민센터,4,25,5500
SPB-07062,2019.11.8 19:27,00104,합정역 1번출구 앞,12,2019.11.8 19:33,00101,(구)합정동 주민센터,1,5,1090
SPB-22277,2019.11.8 19:20,00103,망원역 2번출구 앞,13,2019.11.8 20:14,00101,(구)합정동 주민센터,1,50,4520
SPB-14593,2019.11.8 19:20,00103,망원역 2번출구 앞,14,2019.11.8 20:15,00101,(구)합정동 주민센터,1,54,5140
SPB-02239,2019.11.8 19:42,00284,센트럴 푸르지오 시티 앞,11,2019.11.8 20:26,00101,(구)합정동 주민센터,2,39,4660
SPB-02367,2019.11.8 20:24,00101,(구)합정동 주민센터,2,2019.11.8 20:42,00101,(구)합정동 주민센터,1,17,1820
SPB-21760,2019.11.8 20:28,00826,서울역 서부교차로2,20,2019.11.8 20:57,00101,(구)합정동 주민센터,5,27,6120
SPB-16068,2019.11.8 22:12,00102,망원역 1번출구 앞,2,2019.11.8 22:20,00101,(구)합정동 주민센터,2,7,1130
SPB-03852,2019.11.8 22:17,00102,망원역 1번출구 앞,15,2019.11.8 22:27,00101,(구)합정동 주민센터,5,9,1070
SPB-05480,2019.11.8 22:27,00103,망원역 2번출구 앞,10,2019.11.8 22:33,00101,(구)합정동 주민센터,2,6,1050
SPB-14488,2019.11.8 22:33,00103,망원역 2번출구 앞,11,2019.11.8 22:39,00101,(구)합정동 주민센터,1,5,1090
SPB-22933,2019.11.8 22:30,00112,극동방송국 앞,5,2019.11.8 22:44,00101,(구)합정동 주민센터,4,13,1700
SPB-17890,2019.11.8 22:03,00391,정동길입구,3,2019.11.8 22:48,00101,(구)합정동 주민센터,3,44,8120
SPB-14571,2019.11.8 22:54,00114,홍대입구역 8번출구 앞,11,2019.11.8 23:07,00101,(구)합정동 주민센터,2,13,2400
SPB-20415,2019.11.8 23:10,00113,홍대입구역 2번출구 앞,1,2019.11.8 23:22,00101,(구)합정동 주민센터,5,12,1250
SPB-08818,2019.11.8 23:13,00108,서교동 사거리,2,2019.11.8 23:24,00101,(구)합정동 주민센터,2,10,1360
SPB-16380,2019.11.9 00:35,00419,홈플러스 앞,20,2019.11.9 00:51,00101,(구)합정동 주민센터,1,16,4290
SPB-13790,2019.11.9 08:05,00203,국회의사당역 3번출구 옆,2,2019.11.9 08:30,00101,(구)합정동 주민센터,3,25,4980
SPB-08399,2019.11.9 06:49,00101,(구)합정동 주민센터,3,2019.11.9 08:40,00101,(구)합정동 주민센터,2,100,2830
SPB-14276,2019.11.9 11:23,00101,(구)합정동 주민센터,4,2019.11.9 12:45,00101,(구)합정동 주민센터,5,81,2400
SPB-13611,2019.11.9 12:46,00152,마포구민체육센터 앞,27,2019.11.9 12:57,00101,(구)합정동 주민센터,1,10,1210
SPB-15132,2019.11.9 14:16,00106,합정역 7번출구 앞,10,2019.11.9 14:28,00101,(구)합정동 주민센터,1,11,950
SPB-18981,2019.11.9 14:42,00134,연세로 명물길,1,2019.11.9 15:05,00101,(구)합정동 주민센터,3,22,3890
SPB-20417,2019.11.9 18:24,00116,일진아이윌아파트 옆,2,2019.11.9 20:27,00101,(구)합정동 주민센터,1,114,2970
SPB-20022,2019.11.9 18:23,00116,일진아이윌아파트 옆,4,2019.11.9 20:28,00101,(구)합정동 주민센터,4,122,3440
SPB-14218,2019.11.9 20:33,00114,홍대입구역 8번출구 앞,6,2019.11.9 20:52,00101,(구)합정동 주민센터,2,17,2590
SPB-19959,2019.11.9 20:46,00102,망원역 1번출구 앞,20,2019.11.9 20:55,00101,(구)합정동 주민센터,3,8,1110
SPB-14218,2019.11.9 21:05,00101,(구)합정동 주민센터,2,2019.11.9 21:25,00101,(구)합정동 주민센터,2,19,1730
SPB-21297,2019.11.9 21:04,00391,정동길입구,8,2019.11.9 21:51,00101,(구)합정동 주민센터,1,45,7750
SPB-10067,2019.11.9 21:37,00108,서교동 사거리,1,2019.11.9 21:58,00101,(구)합정동 주민센터,3,20,1270
SPB-08019,2019.11.9 21:56,00112,극동방송국 앞,9,2019.11.9 22:06,00101,(구)합정동 주민센터,5,10,1660
SPB-24279,2019.11.9 23:23,00125,서강대 남문 옆,15,2019.11.9 23:43,00101,(구)합정동 주민센터,2,18,4670
SPB-18301,2019.11.9 23:40,00103,망원역 2번출구 앞,9,2019.11.10 00:21,00101,(구)합정동 주민센터,4,40,6510
SPB-12984,2019.11.10 01:03,00134,연세로 명물길,8,2019.11.10 01:32,00101,(구)합정동 주민센터,1,27,3400
SPB-10067,2019.11.10 05:59,00101,(구)합정동 주민센터,3,2019.11.10 07:00,00101,(구)합정동 주민센터,2,59,2440
SPB-11714,2019.11.10 06:22,00113,홍대입구역 2번출구 앞,5,2019.11.10 07:18,00101,(구)합정동 주민센터,5,54,2410
SPB-24164,2019.11.10 10:04,00182,망원2빗물펌프장 앞,4,2019.11.10 10:40,00101,(구)합정동 주민센터,2,35,2390
SPB-11835,2019.11.10 10:31,00182,망원2빗물펌프장 앞,7,2019.11.10 11:32,00101,(구)합정동 주민센터,1,59,5080
SPB-00927,2019.11.10 13:45,01998,고척교 교차로,6,2019.11.10 14:40,00101,(구)합정동 주민센터,4,54,9310
SPB-05095,2019.11.10 16:07,00151,망원1동주민센터,8,2019.11.10 16:20,00101,(구)합정동 주민센터,1,12,1130
SPB-14725,2019.11.10 16:30,00152,마포구민체육센터 앞,24,2019.11.10 16:41,00101,(구)합정동 주민센터,2,10,1200
SPB-17468,2019.11.10 21:40,00106,합정역 7번출구 앞,5,2019.11.10 21:45,00101,(구)합정동 주민센터,1,4,840
SPB-15033,2019.11.10 21:32,00125,서강대 남문 옆,7,2019.11.10 21:56,00101,(구)합정동 주민센터,3,23,5230
SPB-15025,2019.11.10 22:24,00103,망원역 2번출구 앞,14,2019.11.10 22:31,00101,(구)합정동 주민센터,2,7,1070
SPB-14235,2019.11.11 00:45,00108,서교동 사거리,1,2019.11.11 01:16,00101,(구)합정동 주민센터,5,30,2240
SPB-03852,2019.11.11 09:20,00103,망원역 2번출구 앞,14,2019.11.11 09:27,00101,(구)합정동 주민센터,2,6,690
SPB-19930,2019.11.11 09:51,00104,합정역 1번출구 앞,8,2019.11.11 09:59,00101,(구)합정동 주민센터,1,7,1120
SPB-19930,2019.11.11 10:19,00101,(구)합정동 주민센터,1,2019.11.11 10:32,00101,(구)합정동 주민센터,1,12,1040
SPB-19930,2019.11.11 10:43,00101,(구)합정동 주민센터,1,2019.11.11 11:23,00101,(구)합정동 주민센터,3,39,3370
SPB-22264,2019.11.11 12:02,00103,망원역 2번출구 앞,5,2019.11.11 12:08,00101,(구)합정동 주민센터,1,5,1030
SPB-19930,2019.11.11 12:54,00101,(구)합정동 주민센터,3,2019.11.11 13:03,00101,(구)합정동 주민센터,3,8,1350
SPB-12136,2019.11.11 13:49,00103,망원역 2번출구 앞,12,2019.11.11 13:57,00101,(구)합정동 주민센터,4,7,1270
SPB-19930,2019.11.11 13:09,00101,(구)합정동 주민센터,3,2019.11.11 14:24,00101,(구)합정동 주민센터,3,74,2860
SPB-06200,2019.11.11 14:26,00115,사루비아 빌딩 앞,1,2019.11.11 14:44,00101,(구)합정동 주민센터,4,18,0
SPB-16226,2019.11.11 14:47,00102,망원역 1번출구 앞,17,2019.11.11 14:55,00101,(구)합정동 주민센터,3,7,1170
SPB-16430,2019.11.11 14:56,00104,합정역 1번출구 앞,7,2019.11.11 15:05,00101,(구)합정동 주민센터,1,9,1000
SPB-20868,2019.11.11 14:42,00104,합정역 1번출구 앞,12,2019.11.11 15:10,00101,(구)합정동 주민센터,2,25,1770
SPB-17824,2019.11.11 17:05,00148,용강동 주민센터 앞,11,2019.11.11 17:34,00101,(구)합정동 주민센터,5,28,5710
SPB-08573,2019.11.11 17:59,00151,망원1동주민센터,6,2019.11.11 18:08,00101,(구)합정동 주민센터,1,8,990
SPB-06910,2019.11.11 18:20,00432,마포중앙도서관,9,2019.11.11 18:34,00101,(구)합정동 주민센터,1,13,2330
SPB-11840,2019.11.11 18:35,00106,합정역 7번출구 앞,10,2019.11.11 18:42,00101,(구)합정동 주민센터,5,6,810
SPB-17824,2019.11.11 18:21,00101,(구)합정동 주민센터,5,2019.11.11 18:47,00101,(구)합정동 주민센터,1,25,1750
SPB-04690,2019.11.11 18:22,00148,용강동 주민센터 앞,3,2019.11.11 18:54,00101,(구)합정동 주민센터,1,30,5510
SPB-05294,2019.11.11 19:01,00104,합정역 1번출구 앞,4,2019.11.11 19:09,00101,(구)합정동 주민센터,1,8,1290
SPB-03379,2019.11.11 18:31,00226,샛강역 1번출구 앞,18,2019.11.11 19:18,00101,(구)합정동 주민센터,4,46,6850
SPB-07966,2019.11.11 19:10,00410,상암중학교 옆,4,2019.11.11 19:32,00101,(구)합정동 주민센터,3,20,4540
SPB-07239,2019.11.11 19:12,00104,합정역 1번출구 앞,12,2019.11.11 20:06,00101,(구)합정동 주민센터,1,53,1230
SPB-12175,2019.11.11 20:22,00184,SK망원동주유소 건너편,7,2019.11.11 20:32,00101,(구)합정동 주민센터,1,9,1470
SPB-13199,2019.11.11 20:25,00403,부엉이공원 앞,1,2019.11.11 21:00,00101,(구)합정동 주민센터,2,33,6840
SPB-17396,2019.11.11 20:38,00346,맥스타일 앞,6,2019.11.11 21:02,00101,(구)합정동 주민센터,1,24,5290
SPB-14833,2019.11.11 21:18,00432,마포중앙도서관,2,2019.11.11 21:31,00101,(구)합정동 주민센터,1,12,2440
SPB-11389,2019.11.11 21:22,00245,삼성생명 당산사옥 앞,6,2019.11.11 21:46,00101,(구)합정동 주민센터,3,23,3190
SPB-07788,2019.11.11 21:38,00152,마포구민체육센터 앞,23,2019.11.11 21:49,00101,(구)합정동 주민센터,1,11,1070
SPB-25156,2019.11.11 23:15,00623,서울시립대 정문 앞,12,2019.11.11 23:33,00101,(구)합정동 주민센터,1,17,2860
SPB-17319,2019.11.11 22:46,00391,정동길입구,2,2019.11.11 23:34,00101,(구)합정동 주민센터,2,48,8290
SPB-11389,2019.11.11 22:05,00101,(구)합정동 주민센터,3,2019.11.11 23:37,00101,(구)합정동 주민센터,1,91,2020
SPB-17800,2019.11.12 00:42,00106,합정역 7번출구 앞,5,2019.11.12 00:50,00101,(구)합정동 주민센터,4,7,940
SPB-01566,2019.11.12 01:29,00106,합정역 7번출구 앞,1,2019.11.12 01:35,00101,(구)합정동 주민센터,1,5,820
SPB-22267,2019.11.12 01:52,00151,망원1동주민센터,9,2019.11.12 01:56,00101,(구)합정동 주민센터,5,4,1000
SPB-23155,2019.11.12 01:45,00124,서강대 정문 건너편,6,2019.11.12 02:01,00101,(구)합정동 주민센터,1,14,2790
SPB-11546,2019.11.12 01:59,00108,서교동 사거리,5,2019.11.12 02:09,00101,(구)합정동 주민센터,1,9,1550
SPB-14751,2019.11.12 09:06,00438,성산2-1 공영주차장,9,2019.11.12 09:26,00101,(구)합정동 주민센터,5,19,3900
SPB-24781,2019.11.12 09:47,00104,합정역 1번출구 앞,10,2019.11.12 09:53,00101,(구)합정동 주민센터,3,6,1070
SPB-24781,2019.11.12 10:45,00101,(구)합정동 주민센터,3,2019.11.12 11:50,00101,(구)합정동 주민센터,4,64,5600
SPB-24858,2019.11.12 11:41,00113,홍대입구역 2번출구 앞,21,2019.11.12 11:54,00101,(구)합정동 주민센터,1,11,2060
SPB-24781,2019.11.12 12:54,00101,(구)합정동 주민센터,4,2019.11.12 12:58,00101,(구)합정동 주민센터,4,4,690
SPB-04514,2019.11.12 12:32,00152,마포구민체육센터 앞,1,2019.11.12 13:04,00101,(구)합정동 주민센터,3,32,1200
SPB-22373,2019.11.12 14:42,00102,망원역 1번출구 앞,6,2019.11.12 14:50,00101,(구)합정동 주민센터,2,8,1160
SPB-06607,2019.11.12 14:54,00102,망원역 1번출구 앞,13,2019.11.12 15:04,00101,(구)합정동 주민센터,4,9,1410
SPB-20633,2019.11.12 15:33,00113,홍대입구역 2번출구 앞,24,2019.11.12 15:50,00101,(구)합정동 주민센터,2,16,2240
SPB-09784,2019.11.12 15:59,00148,용강동 주민센터 앞,10,2019.11.12 16:27,00101,(구)합정동 주민센터,1,28,5030
SPB-04514,2019.11.12 16:55,00101,(구)합정동 주민센터,3,2019.11.12 17:07,00101,(구)합정동 주민센터,3,10,1840
SPB-17300,2019.11.12 18:14,00148,용강동 주민센터 앞,2,2019.11.12 18:42,00101,(구)합정동 주민센터,1,28,5390
SPB-06102,2019.11.12 18:55,00151,망원1동주민센터,9,2019.11.12 19:02,00101,(구)합정동 주민센터,2,6,1170
SPB-11141,2019.11.12 19:16,00247,당산역 10번출구 앞,4,2019.11.12 19:31,00101,(구)합정동 주민센터,4,15,2450
SPB-02757,2019.11.12 19:38,00151,망원1동주민센터,2,2019.11.12 19:49,00101,(구)합정동 주민센터,5,10,1310
SPB-09235,2019.11.12 19:23,00403,부엉이공원 앞,8,2019.11.12 20:01,00101,(구)합정동 주민센터,1,32,6450
SPB-23858,2019.11.12 21:01,00826,서울역 서부교차로2,12,2019.11.12 21:31,00101,(구)합정동 주민센터,1,29,6210
SPB-08753,2019.11.12 22:01,00106,합정역 7번출구 앞,7,2019.11.12 22:07,00101,(구)합정동 주민센터,1,5,590
SPB-07236,2019.11.12 22:15,00152,마포구민체육센터 앞,25,2019.11.12 22:27,00101,(구)합정동 주민센터,2,10,1200
SPB-16069,2019.11.12 23:13,00104,합정역 1번출구 앞,1,2019.11.12 23:18,00101,(구)합정동 주민센터,1,5,990
SPB-22144,2019.11.12 22:51,00391,정동길입구,4,2019.11.12 23:32,00101,(구)합정동 주민센터,3,38,7330
SPB-06351,2019.11.12 23:47,00103,망원역 2번출구 앞,9,2019.11.12 23:53,00101,(구)합정동 주민센터,1,5,0
SPB-16124,2019.11.13 00:20,00104,합정역 1번출구 앞,9,2019.11.13 00:28,00101,(구)합정동 주민센터,4,7,1070
SPB-20972,2019.11.13 01:00,00104,합정역 1번출구 앞,11,2019.11.13 01:05,00101,(구)합정동 주민센터,5,5,710
SPB-22802,2019.11.13 09:32,00103,망원역 2번출구 앞,3,2019.11.13 09:39,00101,(구)합정동 주민센터,2,6,930
SPB-18589,2019.11.13 10:01,00106,합정역 7번출구 앞,3,2019.11.13 10:06,00101,(구)합정동 주민센터,1,4,500
SPB-19322,2019.11.13 11:50,00152,마포구민체육센터 앞,23,2019.11.13 11:56,00101,(구)합정동 주민센터,3,6,1160
SPB-17788,2019.11.13 13:04,00152,마포구민체육센터 앞,20,2019.11.13 13:10,00101,(구)합정동 주민센터,4,5,1200
SPB-13934,2019.11.13 18:00,00106,합정역 7번출구 앞,4,2019.11.13 18:06,00101,(구)합정동 주민센터,2,5,860
SPB-17924,2019.11.13 18:33,00148,용강동 주민센터 앞,1,2019.11.13 19:08,00101,(구)합정동 주민센터,2,34,690
SPB-11626,2019.11.13 18:55,00267,삼성화재 사옥 옆,3,2019.11.13 19:08,00101,(구)합정동 주민센터,5,12,2060
SPB-10061,2019.11.13 21:53,00106,합정역 7번출구 앞,8,2019.11.13 22:00,00101,(구)합정동 주민센터,3,6,910
SPB-17924,2019.11.13 21:51,00152,마포구민체육센터 앞,19,2019.11.13 22:01,00101,(구)합정동 주민센터,2,9,1420
SPB-19322,2019.11.13 21:23,00101,(구)합정동 주민센터,3,2019.11.13 22:40,00101,(구)합정동 주민센터,1,71,1940
SPB-24072,2019.11.13 22:17,00826,서울역 서부교차로2,20,2019.11.13 22:45,00101,(구)합정동 주민센터,2,26,6130
SPB-22075,2019.11.13 23:48,00103,망원역 2번출구 앞,4,2019.11.13 23:53,00101,(구)합정동 주민센터,1,5,760
SPB-05410,2019.11.14 03:20,00106,합정역 7번출구 앞,1,2019.11.14 03:24,00101,(구)합정동 주민센터,1,3,830
SPB-09193,2019.11.14 09:04,00203,국회의사당역 3번출구 옆,1,2019.11.14 09:28,00101,(구)합정동 주민센터,4,21,4340
SPB-07205,2019.11.14 12:07,01160,양천향교역 7번출구앞,1,2019.11.14 12:55,00101,(구)합정동 주민센터,1,47,10260
SPB-07247,2019.11.14 16:13,00148,용강동 주민센터 앞,11,2019.11.14 17:05,00101,(구)합정동 주민센터,4,52,7420
SPB-15391,2019.11.14 17:14,00113,홍대입구역 2번출구 앞,22,2019.11.14 17:29,00101,(구)합정동 주민센터,1,14,2290
SPB-18517,2019.11.14 18:40,00104,합정역 1번출구 앞,1,2019.11.14 18:48,00101,(구)합정동 주민센터,4,8,990
SPB-12442,2019.11.14 18:25,00226,샛강역 1번출구 앞,15,2019.11.14 19:16,00101,(구)합정동 주민센터,3,49,6340
SPB-11712,2019.11.14 19:19,00104,합정역 1번출구 앞,8,2019.11.14 19:25,00101,(구)합정동 주민센터,1,5,890
SPB-23012,2019.11.14 19:53,00267,삼성화재 사옥 옆,2,2019.11.14 20:05,00101,(구)합정동 주민센터,2,12,2350
SPB-16711,2019.11.14 20:41,00151,망원1동주민센터,2,2019.11.14 20:48,00101,(구)합정동 주민센터,4,6,1040
SPB-23793,2019.11.14 21:43,00826,서울역 서부교차로2,18,2019.11.14 22:10,00101,(구)합정동 주민센터,5,25,6320
SPB-23154,2019.11.14 22:05,00106,합정역 7번출구 앞,10,2019.11.14 22:11,00101,(구)합정동 주민센터,5,5,510
SPB-07283,2019.11.14 22:15,00152,마포구민체육센터 앞,17,2019.11.14 22:26,00101,(구)합정동 주민센터,1,11,0
SPB-10593,2019.11.14 23:29,00106,합정역 7번출구 앞,5,2019.11.14 23:40,00101,(구)합정동 주민센터,4,10,760
SPB-18614,2019.11.14 23:07,00391,정동길입구,5,2019.11.14 23:49,00101,(구)합정동 주민센터,3,40,7510
SPB-24467,2019.11.15 01:04,00103,망원역 2번출구 앞,3,2019.11.15 01:10,00101,(구)합정동 주민센터,1,5,770
SPB-13450,2019.11.15 02:22,00151,망원1동주민센터,10,2019.11.15 02:27,00101,(구)합정동 주민센터,2,4,1070
SPB-25161,2019.11.15 03:13,00106,합정역 7번출구 앞,6,2019.11.15 03:18,00101,(구)합정동 주민센터,1,3,640
SPB-24515,2019.11.15 03:58,00112,극동방송국 앞,1,2019.11.15 04:08,00101,(구)합정동 주민센터,1,9,1620
SPB-12116,2019.11.15 04:22,00112,극동방송국 앞,5,2019.11.15 04:33,00101,(구)합정동 주민센터,1,11,2200
SPB-17768,2019.11.15 09:31,00103,망원역 2번출구 앞,14,2019.11.15 09:37,00101,(구)합정동 주민센터,1,5,1050
SPB-18841,2019.11.15 20:40,00113,홍대입구역 2번출구 앞,24,2019.11.15 20:53,00101,(구)합정동 주민센터,1,12,2280
SPB-24467,2019.11.15 21:55,00152,마포구민체육센터 앞,18,2019.11.15 22:05,00101,(구)합정동 주민센터,1,10,1180
SPB-17570,2019.11.15 22:16,00391,정동길입구,7,2019.11.15 23:04,00101,(구)합정동 주민센터,5,48,8100